event_id,user_id,content_id,event_date,session_id,event_time,event_type,click_flag,watch_time_seconds,completion_flag,surface
e0040,u097,c014,2026-01-01,s0032,2026-01-01 12:40:00,video_start,1,47,1.0,trending
e0041,u038,c011,2026-01-01,s0127,2026-01-01 12:22:00,video_complete,0,61,0.0,dashboard
e0064,u074,c059,2026-01-01,s0202,2026-01-01 04:50:00,impression,0,125,1.0,trending
e0130,u098,c025,2026-01-01,s0008,2026-01-01 12:33:00,video_start,0,87,0.0,economics_home
e0219,u105,c005,2026-01-01,s0211,2026-01-01 21:46:00,impression,0,54,1.0,dashboard
e0230,u005,c034,2026-01-01,s0244,2026-01-01 21:23:00,impression,1,34,0.0,dashboard
e0009,u033,c010,2026-01-02,s0287,2026-01-02 09:58:00,open,0,85,0.0,economics_home
e0084,u057,c056,2026-01-02,s0180,2026-01-02 06:57:00,open,0,64,1.0,trending
e0154,u061,c042,2026-01-02,s0201,2026-01-02 01:40:00,video_complete,1,65,1.0,dashboard
e0194,u088,c052,2026-01-02,s0079,2026-01-02 09:33:00,open,1,55,1.0,newsletter
e0247,u073,c057,2026-01-02,s0364,2026-01-02 06:34:00,impression,1,95,0.0,dashboard
e0004,u109,c026,2026-01-03,s0320,2026-01-03 08:13:00,impression,0,37,0.0,dashboard
e0022,u047,c050,2026-01-03,s0174,2026-01-03 15:55:00,impression,0,45,0.0,economics_home
e0052,u007,c054,2026-01-03,s0263,2026-01-03 13:15:00,impression,1,69,1.0,newsletter
e0098,u017,c009,2026-01-03,s0310,2026-01-03 07:46:00,video_complete,0,101,1.0,economics_home
e0119,u060,c019,2026-01-03,s0252,2026-01-03 16:07:00,video_complete,0,77,0.0,trending
e0151,u071,c033,2026-01-03,s0114,2026-01-03 16:33:00,video_start,1,55,1.0,economics_home
e0175,u082,c007,2026-01-03,s0197,2026-01-03 22:06:00,video_start,0,82,0.0,dashboard
e0192,u099,c030,2026-01-03,s0016,2026-01-03 02:21:00,video_start,1,56,0.0,dashboard
e0210,u088,c002,2026-01-03,s0074,2026-01-03 22:10:00,open,0,96,0.0,trending
e0215,u077,c003,2026-01-03,s0389,2026-01-03 06:53:00,video_complete,0,51,1.0,trending
e0221,u081,c026,2026-01-03,s0345,2026-01-03 11:40:00,impression,0,92,0.0,dashboard
e0222,u076,c042,2026-01-03,s0299,2026-01-03 12:42:00,impression,0,70,0.0,newsletter
e0223,u078,c051,2026-01-03,s0363,2026-01-03 06:14:00,impression,0,43,1.0,economics_home
e0002,u029,c054,2026-01-04,s0169,2026-01-04 02:12:00,video_complete,0,74,1.0,newsletter
e0005,u050,c010,2026-01-04,s0164,2026-01-04 02:02:00,open,1,80,0.0,economics_home
e0058,u055,c029,2026-01-04,s0262,2026-01-04 22:09:00,video_complete,1,89,1.0,economics_home
e0063,u020,c036,2026-01-04,s0020,2026-01-04 00:34:00,video_complete,1,104,1.0,economics_home
e0079,u060,c050,2026-01-04,s0156,2026-01-04 10:40:00,video_start,1,23,0.0,economics_home
e0105,u074,c053,2026-01-04,s0118,2026-01-04 11:50:00,video_start,1,56,1.0,newsletter
e0131,u012,c029,2026-01-04,s0343,2026-01-04 13:02:00,video_complete,0,96,0.0,economics_home
e0134,u024,c002,2026-01-04,s0065,2026-01-04 04:16:00,video_start,0,86,0.0,newsletter
e0201,u029,c020,2026-01-04,s0326,2026-01-04 14:46:00,impression,1,38,0.0,newsletter
e0235,u103,c044,2026-01-04,s0229,2026-01-04 15:45:00,video_complete,0,78,0.0,trending
e0011,u092,c058,2026-01-05,s0272,2026-01-05 17:43:00,impression,1,75,0.0,dashboard
e0017,u055,c024,2026-01-05,s0369,2026-01-05 17:30:00,video_start,0,33,1.0,economics_home
e0023,u089,c012,2026-01-05,s0249,2026-01-05 08:00:00,impression,0,77,0.0,dashboard
e0024,u086,c046,2026-01-05,s0273,2026-01-05 08:24:00,impression,0,58,1.0,economics_home
e0049,u015,c032,2026-01-05,s0014,2026-01-05 13:42:00,impression,1,81,0.0,dashboard
e0139,u049,c037,2026-01-05,s0137,2026-01-05 15:01:00,video_start,0,74,1.0,dashboard
e0147,u104,c031,2026-01-05,s0206,2026-01-05 00:08:00,impression,1,16,0.0,dashboard
e0161,u010,c011,2026-01-05,s0249,2026-01-05 01:30:00,impression,0,97,0.0,newsletter
e0164,u009,c031,2026-01-05,s0066,2026-01-05 16:42:00,video_complete,0,32,0.0,economics_home
e0168,u027,c033,2026-01-05,s0043,2026-01-05 00:37:00,impression,1,38,1.0,economics_home
e0169,u083,c046,2026-01-05,s0191,2026-01-05 21:39:00,video_complete,0,40,1.0,economics_home
e0027,u040,c027,2026-01-06,s0132,2026-01-06 08:26:00,open,1,78,0.0,trending
e0044,u041,c021,2026-01-06,s0358,2026-01-06 19:15:00,video_complete,1,96,1.0,dashboard
e0045,u109,c040,2026-01-06,s0218,2026-01-06 20:25:00,video_complete,0,78,1.0,dashboard
e0055,u045,c008,2026-01-06,s0142,2026-01-06 14:53:00,video_complete,0,101,0.0,dashboard
e0073,u057,c057,2026-01-06,s0324,2026-01-06 08:29:00,video_start,1,111,0.0,newsletter
e0078,u063,c048,2026-01-06,s0114,2026-01-06 09:46:00,video_complete,1,57,1.0,trending
e0088,u036,c055,2026-01-06,s0325,2026-01-06 21:26:00,open,1,61,0.0,economics_home
e0144,u053,c036,2026-01-06,s0097,2026-01-06 20:48:00,open,1,48,1.0,trending
e0156,u049,c033,2026-01-06,s0385,2026-01-06 16:21:00,impression,1,45,0.0,trending
e0157,u016,c044,2026-01-06,s0229,2026-01-06 11:13:00,open,1,45,0.0,economics_home
e0171,u030,c010,2026-01-06,s0098,2026-01-06 12:34:00,open,1,100,1.0,economics_home
e0198,u107,c034,2026-01-06,s0296,2026-01-06 08:00:00,video_complete,1,74,0.0,dashboard
e0233,u055,c026,2026-01-06,s0102,2026-01-06 16:57:00,open,1,78,1.0,dashboard
e0239,u069,c044,2026-01-06,s0322,2026-01-06 21:00:00,impression,1,62,0.0,economics_home
e0037,u020,c026,2026-01-07,s0202,2026-01-07 17:36:00,video_complete,0,32,0.0,trending
e0046,u050,c038,2026-01-07,s0263,2026-01-07 02:06:00,video_start,0,91,0.0,economics_home
e0062,u039,c052,2026-01-07,s0156,2026-01-07 05:30:00,video_complete,1,51,1.0,newsletter
e0086,u089,c029,2026-01-07,s0113,2026-01-07 10:54:00,video_start,1,95,1.0,economics_home
e0094,u041,c032,2026-01-07,s0331,2026-01-07 13:55:00,video_start,1,97,0.0,trending
e0155,u058,c037,2026-01-07,s0118,2026-01-07 16:06:00,video_complete,0,121,1.0,dashboard
e0158,u066,c045,2026-01-07,s0158,2026-01-07 17:00:00,impression,0,103,1.0,economics_home
e0184,u039,c016,2026-01-07,s0278,2026-01-07 18:43:00,open,1,75,0.0,dashboard
e0248,u059,c043,2026-01-07,s0350,2026-01-07 21:52:00,open,1,93,0.0,dashboard
e0065,u017,c052,2026-01-08,s0276,2026-01-08 22:48:00,open,0,53,1.0,newsletter
e0067,u024,c033,2026-01-08,s0303,2026-01-08 06:23:00,video_start,1,40,0.0,newsletter
e0108,u045,c059,2026-01-08,s0284,2026-01-08 00:51:00,video_complete,0,98,0.0,dashboard
e0114,u071,c005,2026-01-08,s0162,2026-01-08 18:05:00,open,1,51,0.0,dashboard
e0148,u084,c041,2026-01-08,s0345,2026-01-08 14:35:00,open,0,63,0.0,trending
e0159,u060,c039,2026-01-08,s0004,2026-01-08 18:35:00,impression,0,23,0.0,economics_home
e0188,u068,c046,2026-01-08,s0106,2026-01-08 04:35:00,open,1,53,1.0,economics_home
e0200,u080,c018,2026-01-08,s0093,2026-01-08 23:51:00,video_complete,0,62,0.0,dashboard
e0016,u024,c017,2026-01-09,s0166,2026-01-09 03:30:00,impression,1,68,1.0,trending
e0030,u085,c039,2026-01-09,s0377,2026-01-09 05:39:00,impression,1,60,1.0,trending
e0034,u069,c015,2026-01-09,s0062,2026-01-09 10:53:00,video_complete,1,70,0.0,dashboard
e0070,u047,c005,2026-01-09,s0180,2026-01-09 04:38:00,open,1,85,1.0,economics_home
e0081,u095,c024,2026-01-09,s0205,2026-01-09 00:48:00,video_start,1,74,1.0,economics_home
e0091,u055,c054,2026-01-09,s0333,2026-01-09 06:08:00,video_start,0,87,1.0,economics_home
e0099,u049,c050,2026-01-09,s0278,2026-01-09 01:45:00,open,0,57,1.0,dashboard
e0116,u052,c037,2026-01-09,s0356,2026-01-09 02:51:00,open,0,97,,dashboard
e0133,u092,c011,2026-01-09,s0318,2026-01-09 13:57:00,video_complete,1,52,1.0,dashboard
e0214,u078,c017,2026-01-09,s0126,2026-01-09 15:50:00,open,0,37,0.0,dashboard
e0218,u099,c009,2026-01-09,s0137,2026-01-09 13:55:00,video_complete,1,92,1.0,dashboard
e0229,u020,c060,2026-01-09,s0135,2026-01-09 07:54:00,video_start,0,93,0.0,economics_home
e0021,u080,c055,2026-01-10,s0051,2026-01-10 18:44:00,open,1,64,0.0,dashboard
e0043,u079,c028,2026-01-10,s0120,2026-01-10 14:25:00,impression,0,42,1.0,dashboard
e0057,u089,c059,2026-01-10,s0090,2026-01-10 13:29:00,open,1,54,1.0,economics_home
e0060,u045,c047,2026-01-10,s0202,2026-01-10 00:48:00,video_start,0,123,1.0,economics_home
e0127,u101,c043,2026-01-10,s0146,2026-01-10 11:39:00,video_complete,1,84,1.0,dashboard
e0146,u004,c012,2026-01-10,s0379,2026-01-10 14:50:00,impression,0,88,0.0,newsletter
e0152,u062,c026,2026-01-10,s0212,2026-01-10 13:43:00,open,0,67,1.0,dashboard
e0178,u017,c031,2026-01-10,s0055,2026-01-10 04:14:00,impression,0,83,1.0,dashboard
e0206,u073,c052,2026-01-10,s0045,2026-01-10 03:05:00,impression,1,61,1.0,economics_home
e0014,u109,c041,2026-01-11,s0129,2026-01-11 17:41:00,video_start,0,76,1.0,trending
e0020,u050,c043,2026-01-11,s0009,2026-01-11 15:15:00,video_start,0,94,0.0,economics_home
e0028,u103,c049,2026-01-11,s0317,2026-01-11 11:54:00,video_complete,0,42,1.0,newsletter
e0053,u020,c020,2026-01-11,s0222,2026-01-11 17:16:00,video_start,1,93,1.0,dashboard
e0106,u098,c026,2026-01-11,s0320,2026-01-11 03:39:00,impression,1,61,1.0,dashboard
e0109,u106,c017,2026-01-11,s0137,2026-01-11 04:11:00,impression,1,65,1.0,trending
e0123,u088,c012,2026-01-11,s0058,2026-01-11 17:29:00,video_complete,0,109,0.0,economics_home
e0126,u087,c013,2026-01-11,s0223,2026-01-11 15:13:00,impression,0,58,0.0,dashboard
e0189,u108,c021,2026-01-11,s0240,2026-01-11 16:00:00,video_start,1,84,1.0,newsletter
e0007,u080,c007,2026-01-12,s0075,2026-01-12 10:05:00,open,1,64,0.0,dashboard
e0026,u105,c032,2026-01-12,s0045,2026-01-12 11:17:00,video_complete,1,104,0.0,trending
e0042,u017,c026,2026-01-12,s0381,2026-01-12 17:21:00,open,0,53,0.0,trending
e0047,u043,c050,2026-01-12,s0282,2026-01-12 08:19:00,open,0,45,1.0,dashboard
e0066,u055,c060,2026-01-12,s0209,2026-01-12 18:05:00,video_start,1,81,0.0,economics_home
e0068,u107,c035,2026-01-12,s0145,2026-01-12 14:02:00,video_start,0,63,1.0,newsletter
e0083,u091,c014,2026-01-12,s0183,2026-01-12 10:30:00,impression,1,26,0.0,dashboard
e0128,u062,c051,2026-01-12,s0003,2026-01-12 00:57:00,impression,0,42,0.0,newsletter
e0182,u043,c025,2026-01-12,s0329,2026-01-12 18:23:00,video_start,1,87,1.0,dashboard
e0199,u039,c034,2026-01-12,s0254,2026-01-12 17:42:00,impression,0,35,1.0,economics_home
e0241,u099,c050,2026-01-12,s0141,2026-01-12 00:02:00,video_complete,1,40,0.0,trending
e0243,u102,c057,2026-01-12,s0350,2026-01-12 13:23:00,video_complete,1,50,1.0,economics_home
e0249,u039,c010,2026-01-12,s0359,2026-01-12 21:05:00,impression,0,96,1.0,newsletter
e0033,u003,c026,2026-01-13,s0388,2026-01-13 06:17:00,impression,1,77,0.0,trending
e0038,u006,c057,2026-01-13,s0080,2026-01-13 22:50:00,open,0,104,1.0,newsletter
e0048,u079,c018,2026-01-13,s0221,2026-01-13 15:56:00,open,0,49,0.0,dashboard
e0056,u094,c013,2026-01-13,s0338,2026-01-13 21:42:00,video_complete,0,41,1.0,dashboard
e0115,u020,c012,2026-01-13,s0002,2026-01-13 02:20:00,video_complete,0,99,1.0,dashboard
e0121,u069,c018,2026-01-13,s0005,2026-01-13 22:20:00,video_start,0,78,1.0,economics_home
e0149,u080,c052,2026-01-13,s0133,2026-01-13 03:18:00,open,0,63,1.0,economics_home
e0173,u084,c007,2026-01-13,s0295,2026-01-13 00:16:00,video_complete,1,86,1.0,economics_home
e0183,u056,c022,2026-01-13,s0099,2026-01-13 16:53:00,video_complete,1,82,0.0,economics_home
e0224,u010,c047,2026-01-13,s0221,2026-01-13 01:58:00,video_complete,0,130,0.0,dashboard
e0226,u006,c050,2026-01-13,s0298,2026-01-13 02:32:00,open,0,47,1.0,economics_home
e0001,u007,c029,2026-01-14,s0113,2026-01-14 23:08:00,video_start,0,59,1.0,economics_home
e0120,u069,c059,2026-01-14,s0211,2026-01-14 17:20:00,video_complete,0,92,0.0,trending
e0135,u034,c039,2026-01-14,s0353,2026-01-14 08:24:00,open,1,42,0.0,dashboard
e0140,u069,c046,2026-01-14,s0112,2026-01-14 17:42:00,open,1,30,1.0,trending
e0166,u035,c044,2026-01-14,s0221,2026-01-14 08:19:00,video_complete,1,101,0.0,economics_home
e0187,u087,c011,2026-01-14,s0292,2026-01-14 21:51:00,impression,1,87,1.0,dashboard
e0202,u065,c046,2026-01-14,s0045,2026-01-14 12:25:00,impression,0,63,0.0,dashboard
e0018,u102,c005,2026-01-15,s0346,2026-01-15 01:35:00,video_start,1,24,,trending
e0051,u093,c057,2026-01-15,s0191,2026-01-15 04:17:00,video_start,1,113,1.0,dashboard
e0191,u081,c051,2026-01-15,s0171,2026-01-15 18:41:00,open,0,53,1.0,newsletter
e0216,u081,c013,2026-01-15,s0390,2026-01-15 23:27:00,open,1,70,1.0,economics_home
e0035,u018,c026,2026-01-16,s0108,2026-01-16 02:02:00,video_complete,0,66,1.0,newsletter
e0036,u061,c002,2026-01-16,s0390,2026-01-16 14:03:00,open,0,104,1.0,economics_home
e0072,u018,c058,2026-01-16,s0321,2026-01-16 19:09:00,open,1,93,1.0,dashboard
e0085,u088,c013,2026-01-16,s0024,2026-01-16 08:24:00,open,0,23,0.0,dashboard
e0096,u030,c020,2026-01-16,s0221,2026-01-16 18:58:00,impression,0,57,0.0,economics_home
e0113,u082,c052,2026-01-16,s0360,2026-01-16 06:16:00,open,1,58,0.0,newsletter
e0125,u011,c018,2026-01-16,s0020,2026-01-16 13:11:00,open,0,49,1.0,trending
e0172,u076,c033,2026-01-16,s0147,2026-01-16 08:15:00,open,0,53,1.0,trending
e0174,u002,c051,2026-01-16,s0388,2026-01-16 11:56:00,open,0,46,0.0,economics_home
e0196,u099,c023,2026-01-16,s0373,2026-01-16 01:19:00,open,0,117,1.0,trending
e0242,u066,c023,2026-01-16,s0272,2026-01-16 07:34:00,impression,1,70,1.0,economics_home
e0010,u104,c024,2026-01-17,s0306,2026-01-17 21:10:00,video_complete,1,53,1.0,economics_home
e0080,u108,c024,2026-01-17,s0093,2026-01-17 12:53:00,open,0,78,0.0,economics_home
e0165,u080,c031,2026-01-17,s0400,2026-01-17 21:17:00,impression,1,33,0.0,dashboard
e0177,u106,c033,2026-01-17,s0145,2026-01-17 07:26:00,open,1,72,1.0,trending
e0208,u043,c042,2026-01-17,s0103,2026-01-17 06:50:00,video_complete,0,79,0.0,economics_home
e0212,u070,c006,2026-01-17,s0003,2026-01-17 09:24:00,open,0,91,1.0,dashboard
e0232,u066,c032,2026-01-17,s0260,2026-01-17 16:45:00,video_start,0,117,1.0,newsletter
e0031,u032,c052,2026-01-18,s0238,2026-01-18 15:41:00,video_complete,0,32,1.0,dashboard
e0039,u030,c009,2026-01-18,s0201,2026-01-18 06:48:00,impression,1,89,1.0,dashboard
e0071,u048,c042,2026-01-18,s0092,2026-01-18 23:12:00,impression,0,77,0.0,economics_home
e0090,u049,c045,2026-01-18,s0008,2026-01-18 12:23:00,video_complete,1,75,1.0,economics_home
e0132,u050,c059,2026-01-18,s0312,2026-01-18 17:53:00,video_complete,0,77,1.0,economics_home
e0205,u012,c021,2026-01-18,s0298,2026-01-18 02:56:00,video_complete,0,59,1.0,dashboard
e0211,u092,c053,2026-01-18,s0229,2026-01-18 15:01:00,video_complete,0,53,0.0,dashboard
e0220,u045,c008,2026-01-18,s0202,2026-01-18 07:12:00,video_complete,1,100,1.0,dashboard
e0236,u008,c053,2026-01-18,s0285,2026-01-18 05:42:00,video_start,0,64,1.0,trending
e0238,u084,c051,2026-01-18,s0317,2026-01-18 16:56:00,video_start,0,48,1.0,trending
e0003,u012,c060,2026-01-19,s0160,2026-01-19 11:46:00,open,1,58,0.0,economics_home
e0087,u047,c011,2026-01-19,s0323,2026-01-19 08:23:00,impression,1,61,0.0,trending
e0117,u045,c051,2026-01-19,s0359,2026-01-19 00:31:00,video_start,0,62,1.0,dashboard
e0160,u068,c038,2026-01-19,s0225,2026-01-19 12:14:00,open,1,91,1.0,economics_home
e0217,u033,c036,2026-01-19,s0339,2026-01-19 11:25:00,impression,1,63,0.0,economics_home
e0231,u044,c034,2026-01-19,s0143,2026-01-19 13:23:00,video_complete,0,51,0.0,dashboard
e0074,u045,c054,2026-01-20,s0167,2026-01-20 08:31:00,open,1,85,1.0,newsletter
e0075,u053,c058,2026-01-20,s0318,2026-01-20 19:42:00,impression,0,112,0.0,newsletter
e0092,u053,c028,2026-01-20,s0070,2026-01-20 21:53:00,video_start,1,53,0.0,trending
e0124,u088,c022,2026-01-20,s0366,2026-01-20 12:28:00,open,1,117,1.0,newsletter
e0137,u105,c042,2026-01-20,s0161,2026-01-20 23:48:00,impression,1,83,,trending
e0203,u065,c056,2026-01-20,s0100,2026-01-20 08:02:00,open,1,36,1.0,dashboard
e0207,u060,c016,2026-01-20,s0058,2026-01-20 04:12:00,open,0,92,1.0,economics_home
e0245,u103,c054,2026-01-20,s0189,2026-01-20 14:53:00,open,0,91,0.0,dashboard
e0059,u064,c022,2026-01-21,s0232,2026-01-21 08:08:00,video_complete,0,97,1.0,economics_home
e0143,u046,c031,2026-01-21,s0241,2026-01-21 16:13:00,video_complete,0,64,0.0,economics_home
e0185,u105,c015,2026-01-21,s0381,2026-01-21 17:19:00,video_start,0,88,1.0,trending
e0197,u107,c016,2026-01-21,s0008,2026-01-21 06:27:00,impression,0,101,0.0,economics_home
e0237,u046,c027,2026-01-21,s0089,2026-01-21 15:46:00,open,1,108,0.0,economics_home
e0246,u058,c038,2026-01-21,s0120,2026-01-21 20:42:00,impression,1,110,0.0,newsletter
e0008,u030,c053,2026-01-22,s0069,2026-01-22 21:37:00,impression,0,77,0.0,dashboard
e0093,u103,c058,2026-01-22,s0230,2026-01-22 00:27:00,video_start,1,113,1.0,economics_home
e0095,u025,c054,2026-01-22,s0315,2026-01-22 04:23:00,impression,1,51,1.0,dashboard
e0103,u084,c005,2026-01-22,s0308,2026-01-22 20:39:00,video_start,1,63,1.0,economics_home
e0145,u060,c045,2026-01-22,s0099,2026-01-22 17:24:00,impression,0,75,0.0,trending
e0186,u083,c025,2026-01-22,s0300,2026-01-22 09:57:00,open,1,127,0.0,economics_home
e0213,u099,c021,2026-01-22,s0115,2026-01-22 05:35:00,video_start,0,59,,dashboard
e0006,u094,c007,2026-01-23,s0376,2026-01-23 05:12:00,impression,0,106,0.0,newsletter
e0100,u027,c055,2026-01-23,s0336,2026-01-23 18:12:00,open,1,80,1.0,economics_home
e0107,u070,c057,2026-01-23,s0047,2026-01-23 03:28:00,impression,1,66,0.0,trending
e0112,u005,c021,2026-01-23,s0373,2026-01-23 23:56:00,open,1,94,1.0,economics_home
e0129,u025,c045,2026-01-23,s0368,2026-01-23 01:59:00,impression,0,85,1.0,dashboard
e0193,u074,c047,2026-01-23,s0365,2026-01-23 05:08:00,impression,1,77,0.0,economics_home
e0025,u061,c043,2026-01-24,s0119,2026-01-24 14:52:00,open,0,96,0.0,newsletter
e0032,u019,c042,2026-01-24,s0037,2026-01-24 07:36:00,impression,0,73,1.0,dashboard
e0110,u107,c037,2026-01-24,s0083,2026-01-24 22:33:00,impression,1,69,1.0,economics_home
e0122,u013,c050,2026-01-24,s0064,2026-01-24 07:08:00,video_start,0,74,0.0,economics_home
e0136,u058,c026,2026-01-24,s0240,2026-01-24 10:01:00,video_complete,1,45,1.0,economics_home
e0163,u022,c034,2026-01-24,s0093,2026-01-24 11:10:00,open,0,73,0.0,economics_home
e0167,u022,c052,2026-01-24,s0011,2026-01-24 14:34:00,video_start,1,29,0.0,newsletter
e0176,u087,c047,2026-01-24,s0167,2026-01-24 04:24:00,impression,0,86,0.0,economics_home
e0244,u056,c051,2026-01-24,s0295,2026-01-24 07:18:00,impression,1,34,0.0,newsletter
e0015,u071,c048,2026-01-25,s0187,2026-01-25 17:12:00,impression,0,59,0.0,newsletter
e0097,u087,c029,2026-01-25,s0151,2026-01-25 09:36:00,video_start,1,66,1.0,trending
e0013,u073,c012,2026-01-26,s0004,2026-01-26 20:04:00,impression,0,30,0.0,newsletter
e0076,u005,c046,2026-01-26,s0011,2026-01-26 11:00:00,impression,0,64,1.0,economics_home
e0104,u002,c039,2026-01-26,s0026,2026-01-26 00:56:00,video_complete,0,34,1.0,newsletter
e0141,u085,c015,2026-01-26,s0116,2026-01-26 08:24:00,open,0,79,0.0,trending
e0181,u046,c052,2026-01-26,s0015,2026-01-26 13:43:00,open,1,75,1.0,dashboard
e0195,u021,c017,2026-01-26,s0390,2026-01-26 16:48:00,open,0,61,1.0,dashboard
e0227,u085,c016,2026-01-26,s0296,2026-01-26 16:29:00,impression,0,56,1.0,trending
e0228,u041,c059,2026-01-26,s0265,2026-01-26 00:41:00,impression,1,100,1.0,trending
e0050,u035,c036,2026-01-27,s0368,2026-01-27 11:08:00,open,0,89,0.0,economics_home
e0054,u040,c049,2026-01-27,s0264,2026-01-27 00:41:00,impression,1,4,,trending
e0077,u008,c055,2026-01-27,s0062,2026-01-27 09:14:00,video_complete,1,71,1.0,economics_home
e0111,u040,c060,2026-01-27,s0216,2026-01-27 10:48:00,impression,0,75,1.0,economics_home
e0204,u105,c034,2026-01-27,s0380,2026-01-27 19:29:00,impression,1,60,1.0,trending
e0240,u071,c059,2026-01-27,s0059,2026-01-27 22:35:00,impression,0,79,0.0,trending
e0012,u018,c010,2026-01-28,s0124,2026-01-28 19:21:00,open,0,104,1.0,economics_home
e0069,u081,c037,2026-01-28,s0123,2026-01-28 08:23:00,video_start,1,89,,trending
e0082,u040,c012,2026-01-28,s0318,2026-01-28 11:50:00,impression,1,86,0.0,newsletter
e0101,u095,c023,2026-01-28,s0206,2026-01-28 09:48:00,video_start,1,65,0.0,newsletter
e0118,u044,c024,2026-01-28,s0243,2026-01-28 21:03:00,impression,1,9,0.0,newsletter
e0138,u095,c040,2026-01-28,s0273,2026-01-28 12:46:00,video_start,1,67,,trending
e0142,u092,c044,2026-01-28,s0228,2026-01-28 23:32:00,video_start,0,81,1.0,dashboard
e0190,u037,c022,2026-01-28,s0257,2026-01-28 02:35:00,video_start,1,87,0.0,trending
e0209,u014,c055,2026-01-28,s0029,2026-01-28 11:34:00,video_complete,0,70,1.0,economics_home
e0234,u060,c052,2026-01-28,s0320,2026-01-28 07:54:00,impression,0,47,1.0,newsletter
e0250,u062,c003,2026-01-28,s0122,2026-01-28 21:38:00,video_start,0,52,0.0,trending
e0089,u004,c031,2026-01-29,s0042,2026-01-29 12:41:00,open,0,29,0.0,dashboard
e0162,u091,c032,2026-01-29,s0372,2026-01-29 20:45:00,video_complete,0,98,1.0,newsletter
e0170,u032,c049,2026-01-29,s0247,2026-01-29 01:11:00,open,0,41,0.0,dashboard
e0225,u063,c050,2026-01-29,s0368,2026-01-29 06:17:00,video_start,0,53,1.0,dashboard
e0019,u065,c003,2026-01-30,s0311,2026-01-30 17:08:00,open,0,46,0.0,newsletter
e0029,u003,c045,2026-01-30,s0395,2026-01-30 12:58:00,impression,1,122,0.0,trending
e0061,u041,c020,2026-01-30,s0009,2026-01-30 16:40:00,video_start,1,83,1.0,economics_home
e0102,u026,c038,2026-01-30,s0377,2026-01-30 06:56:00,video_start,0,91,0.0,economics_home
e0150,u103,c015,2026-01-30,s0116,2026-01-30 14:57:00,impression,0,73,0.0,economics_home
e0153,u012,c046,2026-01-30,s0312,2026-01-30 07:05:00,video_start,1,63,1.0,dashboard
e0179,u080,c057,2026-01-30,s0022,2026-01-30 02:47:00,video_complete,1,66,1.0,economics_home
e0180,u030,c060,2026-01-30,s0334,2026-01-30 05:29:00,open,0,76,1.0,dashboard
e0301,u023,c045,2026-01-31,s0193,2026-01-31 00:53:00,impression,1,73,,economics_home
e0303,u125,c028,2026-01-31,s0095,2026-01-31 14:12:00,impression,1,41,1.0,economics_home
e0328,u008,c055,2026-01-31,s0165,2026-01-31 14:55:00,video_complete,1,77,1.0,trending
e0376,u058,c054,2026-01-31,s0272,2026-01-31 03:11:00,open,1,57,1.0,economics_home
e0379,u043,c027,2026-01-31,s0329,2026-01-31 08:02:00,open,1,107,1.0,economics_home
e0380,u125,c037,2026-01-31,s0020,2026-01-31 01:21:00,impression,0,133,0.0,newsletter
e0409,u113,c052,2026-01-31,s0053,2026-01-31 02:09:00,impression,0,56,0.0,economics_home
e0443,u072,c042,2026-01-31,s0264,2026-01-31 23:37:00,video_start,1,73,1.0,trending
e0555,u048,c045,2026-01-31,s0037,2026-01-31 06:49:00,video_start,1,65,0.0,trending
e0573,u015,c001,2026-01-31,s0336,2026-01-31 06:20:00,video_complete,0,101,1.0,dashboard
e0251,u061,c001,2026-02-01,s0175,2026-02-01 01:09:00,impression,1,99,0.0,economics_home
e0256,u072,c029,2026-02-01,s0099,2026-02-01 10:45:00,impression,0,81,1.0,economics_home
e0287,u011,c041,2026-02-01,s0004,2026-02-01 19:38:00,video_complete,0,57,0.0,dashboard
e0294,u085,c026,2026-02-01,s0214,2026-02-01 03:04:00,video_start,1,22,1.0,economics_home
e0298,u118,c037,2026-02-01,s0340,2026-02-01 13:07:00,impression,1,104,0.0,dashboard
e0320,u083,c012,2026-02-01,s0310,2026-02-01 21:51:00,impression,0,112,1.0,trending
e0354,u129,c015,2026-02-01,s0258,2026-02-01 16:56:00,video_start,1,57,1.0,trending
e0362,u057,c012,2026-02-01,s0229,2026-02-01 07:34:00,open,1,78,1.0,economics_home
e0411,u018,c005,2026-02-01,s0206,2026-02-01 17:17:00,video_complete,0,47,0.0,trending
e0428,u022,c042,2026-02-01,s0258,2026-02-01 16:05:00,video_start,0,104,0.0,economics_home
e0473,u016,c029,2026-02-01,s0243,2026-02-01 19:14:00,impression,1,66,0.0,economics_home
e0499,u048,c055,2026-02-01,s0295,2026-02-01 16:06:00,impression,1,66,1.0,newsletter
e0535,u029,c040,2026-02-01,s0280,2026-02-01 22:42:00,impression,0,101,1.0,trending
e0542,u067,c028,2026-02-01,s0052,2026-02-01 04:23:00,impression,0,52,1.0,economics_home
e0572,u031,c058,2026-02-01,s0198,2026-02-01 20:47:00,impression,1,112,1.0,dashboard
e0323,u033,c045,2026-02-02,s0333,2026-02-02 12:50:00,impression,1,64,0.0,trending
e0348,u017,c033,2026-02-02,s0065,2026-02-02 21:36:00,video_start,0,75,0.0,newsletter
e0358,u023,c022,2026-02-02,s0047,2026-02-02 09:07:00,impression,0,95,1.0,economics_home
e0371,u122,c007,2026-02-02,s0073,2026-02-02 07:56:00,video_start,1,82,1.0,trending
e0427,u084,c030,2026-02-02,s0006,2026-02-02 23:53:00,video_start,0,95,1.0,economics_home
e0436,u114,c001,2026-02-02,s0048,2026-02-02 00:53:00,open,0,96,0.0,dashboard
e0514,u115,c041,2026-02-02,s0005,2026-02-02 09:06:00,impression,0,28,1.0,newsletter
e0526,u128,c041,2026-02-02,s0067,2026-02-02 02:26:00,video_complete,0,56,1.0,dashboard
e0547,u003,c039,2026-02-02,s0071,2026-02-02 08:17:00,impression,0,41,1.0,trending
e0551,u026,c052,2026-02-02,s0188,2026-02-02 08:08:00,open,0,43,1.0,dashboard
e0561,u123,c049,2026-02-02,s0148,2026-02-02 00:43:00,video_start,1,51,0.0,economics_home
e0302,u053,c051,2026-02-03,s0057,2026-02-03 03:56:00,impression,0,34,1.0,trending
e0469,u061,c008,2026-02-03,s0034,2026-02-03 12:50:00,open,1,56,1.0,dashboard
e0506,u014,c051,2026-02-03,s0013,2026-02-03 08:37:00,impression,0,78,0.0,dashboard
e0518,u121,c047,2026-02-03,s0318,2026-02-03 05:54:00,impression,0,103,0.0,newsletter
e0262,u132,c007,2026-02-04,s0360,2026-02-04 00:07:00,open,0,46,,newsletter
e0265,u126,c035,2026-02-04,s0332,2026-02-04 03:51:00,impression,1,19,0.0,dashboard
e0275,u056,c031,2026-02-04,s0203,2026-02-04 05:22:00,video_complete,0,52,1.0,dashboard
e0316,u018,c042,2026-02-04,s0183,2026-02-04 19:59:00,impression,0,66,1.0,economics_home
e0340,u035,c010,2026-02-04,s0168,2026-02-04 23:01:00,impression,1,99,0.0,economics_home
e0351,u017,c052,2026-02-04,s0075,2026-02-04 01:39:00,video_start,1,39,1.0,trending
e0389,u086,c005,2026-02-04,s0095,2026-02-04 11:55:00,video_start,1,54,1.0,dashboard
e0430,u006,c005,2026-02-04,s0129,2026-02-04 19:30:00,video_start,1,57,1.0,newsletter
e0461,u080,c050,2026-02-04,s0169,2026-02-04 19:47:00,open,1,74,1.0,economics_home
e0476,u042,c048,2026-02-04,s0073,2026-02-04 09:32:00,impression,1,66,1.0,newsletter
e0534,u037,c031,2026-02-04,s0085,2026-02-04 13:15:00,video_start,1,39,0.0,economics_home
e0538,u044,c014,2026-02-04,s0192,2026-02-04 10:18:00,impression,1,52,1.0,economics_home
e0540,u021,c035,2026-02-04,s0169,2026-02-04 12:22:00,video_complete,1,44,1.0,trending
e0546,u049,c036,2026-02-04,s0015,2026-02-04 08:38:00,video_complete,1,38,0.0,dashboard
e0269,u008,c060,2026-02-05,s0141,2026-02-05 02:01:00,video_complete,1,49,0.0,economics_home
e0271,u066,c015,2026-02-05,s0289,2026-02-05 03:11:00,video_start,1,74,0.0,economics_home
e0314,u010,c060,2026-02-05,s0349,2026-02-05 19:15:00,video_start,1,83,1.0,newsletter
e0331,u054,c038,2026-02-05,s0305,2026-02-05 02:44:00,open,0,99,1.0,dashboard
e0390,u065,c046,2026-02-05,s0204,2026-02-05 12:38:00,open,0,28,1.0,trending
e0466,u040,c050,2026-02-05,s0239,2026-02-05 15:12:00,impression,0,45,0.0,dashboard
e0508,u024,c006,2026-02-05,s0331,2026-02-05 08:48:00,video_start,0,65,0.0,dashboard
e0519,u126,c037,2026-02-05,s0234,2026-02-05 07:08:00,video_complete,0,77,1.0,economics_home
e0571,u055,c012,2026-02-05,s0117,2026-02-05 13:56:00,impression,1,114,1.0,trending
e0297,u063,c028,2026-02-06,s0213,2026-02-06 09:46:00,impression,0,47,0.0,economics_home
e0319,u079,c043,2026-02-06,s0128,2026-02-06 22:00:00,impression,1,55,0.0,trending
e0322,u117,c008,2026-02-06,s0265,2026-02-06 07:04:00,video_start,0,99,0.0,dashboard
e0386,u012,c038,2026-02-06,s0165,2026-02-06 01:36:00,video_complete,1,89,0.0,newsletter
e0422,u087,c057,2026-02-06,s0274,2026-02-06 01:15:00,impression,1,93,1.0,dashboard
e0442,u009,c026,2026-02-06,s0075,2026-02-06 19:52:00,impression,0,32,1.0,economics_home
e0478,u065,c054,2026-02-06,s0051,2026-02-06 11:04:00,video_start,0,58,1.0,newsletter
e0525,u044,c051,2026-02-06,s0214,2026-02-06 05:27:00,open,1,64,1.0,trending
e0267,u071,c013,2026-02-07,s0079,2026-02-07 09:15:00,video_start,0,69,1.0,newsletter
e0325,u111,c057,2026-02-07,s0264,2026-02-07 12:20:00,open,0,72,1.0,economics_home
e0337,u126,c003,2026-02-07,s0185,2026-02-07 10:13:00,impression,0,52,1.0,newsletter
e0350,u005,c046,2026-02-07,s0062,2026-02-07 18:17:00,impression,1,37,1.0,trending
e0391,u081,c046,2026-02-07,s0134,2026-02-07 13:55:00,impression,0,25,0.0,dashboard
e0424,u124,c024,2026-02-07,s0100,2026-02-07 09:12:00,open,1,88,1.0,economics_home
e0458,u082,c026,2026-02-07,s0031,2026-02-07 03:22:00,open,0,38,1.0,newsletter
e0474,u136,c001,2026-02-07,s0395,2026-02-07 22:35:00,open,1,66,1.0,dashboard
e0482,u051,c040,2026-02-07,s0311,2026-02-07 06:37:00,video_complete,0,95,1.0,trending
e0498,u055,c060,2026-02-07,s0099,2026-02-07 00:23:00,video_start,0,93,0.0,dashboard
e0529,u057,c054,2026-02-07,s0170,2026-02-07 23:19:00,video_start,1,95,0.0,dashboard
e0268,u117,c016,2026-02-08,s0318,2026-02-08 23:58:00,video_start,0,121,0.0,trending
e0324,u010,c016,2026-02-08,s0260,2026-02-08 16:31:00,impression,0,100,0.0,trending
e0339,u003,c057,2026-02-08,s0258,2026-02-08 00:29:00,open,0,62,1.0,trending
e0345,u018,c052,2026-02-08,s0262,2026-02-08 09:11:00,impression,1,20,1.0,dashboard
e0356,u017,c051,2026-02-08,s0028,2026-02-08 09:43:00,impression,0,49,0.0,trending
e0382,u065,c009,2026-02-08,s0121,2026-02-08 22:25:00,impression,0,115,1.0,trending
e0387,u058,c021,2026-02-08,s0332,2026-02-08 09:58:00,impression,1,81,,newsletter
e0407,u017,c032,2026-02-08,s0073,2026-02-08 11:18:00,video_start,0,72,0.0,economics_home
e0417,u119,c020,2026-02-08,s0083,2026-02-08 17:45:00,video_complete,1,45,0.0,trending
e0438,u059,c017,2026-02-08,s0138,2026-02-08 05:37:00,open,0,62,0.0,dashboard
e0452,u076,c005,2026-02-08,s0112,2026-02-08 23:33:00,open,1,57,1.0,trending
e0463,u021,c021,2026-02-08,s0198,2026-02-08 11:33:00,video_complete,1,103,1.0,dashboard
e0475,u075,c043,2026-02-08,s0182,2026-02-08 14:11:00,impression,0,139,0.0,economics_home
e0279,u133,c014,2026-02-09,s0083,2026-02-09 22:05:00,open,0,56,0.0,trending
e0305,u054,c033,2026-02-09,s0237,2026-02-09 17:34:00,impression,1,64,1.0,dashboard
e0326,u011,c011,2026-02-09,s0171,2026-02-09 09:27:00,video_start,0,81,1.0,economics_home
e0333,u008,c027,2026-02-09,s0081,2026-02-09 00:27:00,video_complete,0,108,0.0,newsletter
e0335,u029,c040,2026-02-09,s0144,2026-02-09 10:02:00,open,1,95,0.0,economics_home
e0346,u022,c029,2026-02-09,s0105,2026-02-09 07:36:00,open,0,68,1.0,newsletter
e0353,u062,c046,2026-02-09,s0282,2026-02-09 02:54:00,open,0,58,0.0,dashboard
e0394,u113,c024,2026-02-09,s0003,2026-02-09 21:48:00,open,1,20,1.0,economics_home
e0397,u026,c041,2026-02-09,s0185,2026-02-09 08:48:00,video_start,0,51,1.0,dashboard
e0521,u022,c060,2026-02-09,s0088,2026-02-09 07:43:00,open,0,78,1.0,newsletter
e0549,u071,c017,2026-02-09,s0246,2026-02-09 00:42:00,open,0,65,1.0,newsletter
e0556,u065,c039,2026-02-09,s0287,2026-02-09 05:36:00,impression,0,25,0.0,trending
e0562,u019,c031,2026-02-09,s0079,2026-02-09 12:51:00,video_complete,1,46,0.0,dashboard
e0574,u055,c046,2026-02-09,s0292,2026-02-09 01:19:00,impression,0,34,1.0,dashboard
e0280,u058,c016,2026-02-10,s0210,2026-02-10 23:29:00,video_start,0,89,1.0,dashboard
e0334,u002,c040,2026-02-10,s0120,2026-02-10 12:44:00,impression,1,97,0.0,dashboard
e0349,u055,c041,2026-02-10,s0101,2026-02-10 10:33:00,open,1,70,0.0,newsletter
e0360,u126,c018,2026-02-10,s0254,2026-02-10 19:56:00,video_complete,0,78,0.0,economics_home
e0369,u010,c044,2026-02-10,s0035,2026-02-10 13:22:00,impression,0,69,1.0,newsletter
e0503,u124,c042,2026-02-10,s0309,2026-02-10 08:40:00,impression,1,91,0.0,dashboard
e0558,u017,c009,2026-02-10,s0002,2026-02-10 06:14:00,video_start,1,57,1.0,dashboard
e0308,u072,c029,2026-02-11,s0255,2026-02-11 10:06:00,video_complete,1,97,0.0,economics_home
e0327,u054,c048,2026-02-11,s0025,2026-02-11 09:13:00,video_start,0,49,1.0,trending
e0329,u052,c027,2026-02-11,s0346,2026-02-11 00:47:00,video_complete,0,81,0.0,dashboard
e0395,u054,c025,2026-02-11,s0370,2026-02-11 15:11:00,video_complete,0,62,1.0,economics_home
e0399,u134,c035,2026-02-11,s0029,2026-02-11 17:03:00,open,0,71,0.0,trending
e0403,u130,c010,2026-02-11,s0298,2026-02-11 18:04:00,open,1,86,0.0,dashboard
e0412,u111,c060,2026-02-11,s0396,2026-02-11 21:15:00,video_complete,1,74,1.0,economics_home
e0453,u031,c014,2026-02-11,s0370,2026-02-11 21:11:00,open,1,65,1.0,dashboard
e0500,u009,c019,2026-02-11,s0051,2026-02-11 20:55:00,open,1,38,0.0,economics_home
e0552,u111,c028,2026-02-11,s0053,2026-02-11 18:58:00,open,0,79,1.0,economics_home
e0567,u075,c060,2026-02-11,s0398,2026-02-11 10:47:00,impression,0,51,0.0,dashboard
e0577,u130,c021,2026-02-11,s0271,2026-02-11 19:12:00,impression,1,89,1.0,dashboard
e0285,u066,c053,2026-02-12,s0113,2026-02-12 17:31:00,open,0,69,0.0,trending
e0456,u054,c039,2026-02-12,s0370,2026-02-12 22:13:00,open,1,84,1.0,trending
e0470,u080,c012,2026-02-12,s0027,2026-02-12 23:57:00,open,1,72,1.0,dashboard
e0477,u064,c003,2026-02-12,s0148,2026-02-12 08:11:00,impression,1,52,1.0,trending
e0486,u033,c037,2026-02-12,s0311,2026-02-12 21:32:00,video_start,1,101,1.0,economics_home
e0253,u006,c059,2026-02-13,s0382,2026-02-13 02:11:00,open,0,82,1.0,trending
e0282,u125,c036,2026-02-13,s0010,2026-02-13 21:00:00,video_start,0,84,1.0,dashboard
e0296,u034,c004,2026-02-13,s0001,2026-02-13 18:34:00,impression,0,39,,economics_home
e0357,u135,c041,2026-02-13,s0249,2026-02-13 06:55:00,impression,1,41,0.0,economics_home
e0396,u064,c018,2026-02-13,s0255,2026-02-13 13:49:00,video_start,0,50,0.0,trending
e0410,u056,c054,2026-02-13,s0114,2026-02-13 00:16:00,impression,0,82,1.0,trending
e0414,u010,c015,2026-02-13,s0023,2026-02-13 07:17:00,impression,0,76,1.0,newsletter
e0450,u072,c005,2026-02-13,s0110,2026-02-13 10:23:00,impression,0,46,0.0,trending
e0465,u008,c016,2026-02-13,s0118,2026-02-13 10:53:00,impression,1,145,0.0,dashboard
e0472,u024,c036,2026-02-13,s0140,2026-02-13 04:41:00,impression,1,52,0.0,dashboard
e0515,u084,c054,2026-02-13,s0269,2026-02-13 22:37:00,open,1,59,0.0,trending
e0520,u010,c013,2026-02-13,s0196,2026-02-13 14:31:00,open,0,57,0.0,trending
e0523,u052,c038,2026-02-13,s0187,2026-02-13 16:46:00,video_complete,1,126,0.0,economics_home
e0531,u112,c036,2026-02-13,s0090,2026-02-13 01:09:00,open,1,84,1.0,dashboard
e0566,u028,c053,2026-02-13,s0213,2026-02-13 18:24:00,video_start,1,34,1.0,newsletter
e0580,u006,c017,2026-02-13,s0371,2026-02-13 09:08:00,impression,0,58,0.0,trending
e0257,u074,c046,2026-02-14,s0221,2026-02-14 02:26:00,video_complete,0,21,1.0,dashboard
e0266,u049,c036,2026-02-14,s0278,2026-02-14 21:07:00,open,1,76,0.0,economics_home
e0284,u021,c047,2026-02-14,s0105,2026-02-14 00:14:00,video_complete,0,119,1.0,dashboard
e0363,u008,c014,2026-02-14,s0154,2026-02-14 12:47:00,video_complete,1,30,0.0,economics_home
e0368,u067,c052,2026-02-14,s0291,2026-02-14 20:43:00,impression,1,41,1.0,newsletter
e0373,u008,c057,2026-02-14,s0052,2026-02-14 10:55:00,open,1,66,1.0,economics_home
e0393,u030,c028,2026-02-14,s0152,2026-02-14 22:01:00,video_start,0,59,1.0,trending
e0413,u027,c049,2026-02-14,s0088,2026-02-14 01:20:00,video_complete,0,71,1.0,newsletter
e0457,u061,c055,2026-02-14,s0342,2026-02-14 11:55:00,video_complete,0,74,1.0,newsletter
e0483,u021,c033,2026-02-14,s0092,2026-02-14 13:14:00,video_complete,1,76,0.0,economics_home
e0504,u056,c057,2026-02-14,s0103,2026-02-14 16:24:00,video_complete,1,46,1.0,dashboard
e0512,u020,c009,2026-02-14,s0131,2026-02-14 10:51:00,video_complete,1,131,0.0,dashboard
e0537,u064,c056,2026-02-14,s0137,2026-02-14 00:54:00,impression,1,56,0.0,trending
e0543,u079,c023,2026-02-14,s0226,2026-02-14 15:40:00,video_complete,0,84,0.0,trending
e0559,u026,c005,2026-02-14,s0278,2026-02-14 18:04:00,video_start,1,77,1.0,trending
e0252,u133,c019,2026-02-15,s0098,2026-02-15 07:13:00,open,1,102,1.0,economics_home
e0263,u128,c050,2026-02-15,s0367,2026-02-15 15:26:00,impression,0,45,0.0,newsletter
e0281,u019,c024,2026-02-15,s0272,2026-02-15 12:45:00,open,0,40,1.0,dashboard
e0304,u003,c020,2026-02-15,s0176,2026-02-15 23:10:00,open,1,42,1.0,economics_home
e0384,u009,c027,2026-02-15,s0363,2026-02-15 21:41:00,open,0,97,0.0,dashboard
e0415,u111,c001,2026-02-15,s0077,2026-02-15 14:40:00,video_start,1,79,1.0,economics_home
e0419,u087,c058,2026-02-15,s0388,2026-02-15 02:38:00,video_complete,1,82,1.0,dashboard
e0445,u009,c019,2026-02-15,s0016,2026-02-15 04:45:00,video_start,0,86,1.0,newsletter
e0451,u122,c039,2026-02-15,s0152,2026-02-15 04:34:00,video_start,0,49,0.0,dashboard
e0462,u059,c025,2026-02-15,s0183,2026-02-15 18:41:00,impression,1,100,0.0,newsletter
e0497,u007,c023,2026-02-15,s0180,2026-02-15 19:32:00,open,0,85,1.0,economics_home
e0528,u066,c044,2026-02-15,s0046,2026-02-15 13:12:00,video_start,1,66,0.0,dashboard
e0270,u049,c025,2026-02-16,s0252,2026-02-16 15:25:00,open,0,86,1.0,economics_home
e0283,u035,c051,2026-02-16,s0254,2026-02-16 15:48:00,impression,0,69,0.0,dashboard
e0290,u012,c043,2026-02-16,s0234,2026-02-16 06:12:00,impression,0,92,0.0,trending
e0418,u133,c021,2026-02-16,s0129,2026-02-16 16:36:00,impression,0,85,0.0,dashboard
e0448,u050,c007,2026-02-16,s0171,2026-02-16 13:20:00,impression,1,105,1.0,economics_home
e0480,u077,c013,2026-02-16,s0292,2026-02-16 12:53:00,video_complete,1,55,1.0,economics_home
e0510,u039,c058,2026-02-16,s0203,2026-02-16 00:40:00,video_start,1,77,1.0,trending
e0511,u082,c005,2026-02-16,s0229,2026-02-16 01:58:00,video_start,0,114,1.0,trending
e0530,u080,c046,2026-02-16,s0111,2026-02-16 03:01:00,impression,0,72,0.0,economics_home
e0261,u130,c057,2026-02-17,s0270,2026-02-17 22:02:00,video_start,1,72,1.0,dashboard
e0274,u117,c006,2026-02-17,s0322,2026-02-17 01:13:00,video_start,1,76,1.0,dashboard
e0293,u074,c020,2026-02-17,s0124,2026-02-17 13:18:00,video_complete,1,43,1.0,trending
e0312,u007,c031,2026-02-17,s0018,2026-02-17 21:03:00,video_start,0,79,1.0,economics_home
e0343,u059,c046,2026-02-17,s0014,2026-02-17 03:57:00,open,1,46,1.0,dashboard
e0378,u056,c052,2026-02-17,s0138,2026-02-17 10:56:00,video_start,0,44,1.0,dashboard
e0426,u071,c056,2026-02-17,s0185,2026-02-17 07:49:00,impression,0,45,1.0,economics_home
e0429,u033,c018,2026-02-17,s0121,2026-02-17 16:35:00,video_start,0,44,,dashboard
e0468,u034,c003,2026-02-17,s0356,2026-02-17 12:23:00,open,1,59,0.0,economics_home
e0489,u086,c046,2026-02-17,s0076,2026-02-17 09:50:00,video_start,1,56,1.0,trending
e0532,u017,c057,2026-02-17,s0220,2026-02-17 12:58:00,video_complete,1,111,1.0,dashboard
e0569,u064,c018,2026-02-17,s0185,2026-02-17 10:56:00,impression,0,64,0.0,newsletter
e0272,u057,c019,2026-02-18,s0378,2026-02-18 22:32:00,video_start,1,70,1.0,economics_home
e0311,u014,c041,2026-02-18,s0234,2026-02-18 14:44:00,open,0,63,0.0,trending
e0372,u010,c034,2026-02-18,s0241,2026-02-18 17:34:00,open,0,55,0.0,dashboard
e0416,u017,c032,2026-02-18,s0128,2026-02-18 16:20:00,open,0,124,0.0,dashboard
e0441,u058,c043,2026-02-18,s0061,2026-02-18 04:15:00,video_complete,1,61,0.0,newsletter
e0471,u067,c005,2026-02-18,s0016,2026-02-18 06:42:00,video_start,1,53,1.0,dashboard
e0502,u133,c021,2026-02-18,s0313,2026-02-18 11:22:00,video_start,0,79,0.0,dashboard
e0513,u135,c012,2026-02-18,s0077,2026-02-18 12:02:00,open,1,83,1.0,trending
e0522,u041,c001,2026-02-18,s0060,2026-02-18 07:37:00,video_complete,1,105,0.0,dashboard
e0524,u130,c003,2026-02-18,s0144,2026-02-18 19:12:00,impression,0,39,1.0,trending
e0260,u039,c047,2026-02-19,s0148,2026-02-19 21:09:00,impression,0,80,1.0,economics_home
e0278,u116,c034,2026-02-19,s0381,2026-02-19 00:59:00,impression,1,32,0.0,newsletter
e0318,u063,c012,2026-02-19,s0031,2026-02-19 14:02:00,video_complete,0,116,1.0,trending
e0352,u017,c013,2026-02-19,s0292,2026-02-19 17:15:00,impression,1,64,1.0,newsletter
e0359,u083,c020,2026-02-19,s0383,2026-02-19 20:44:00,impression,1,40,0.0,economics_home
e0364,u022,c011,2026-02-19,s0275,2026-02-19 16:20:00,open,0,70,0.0,economics_home
e0366,u013,c051,2026-02-19,s0072,2026-02-19 17:23:00,open,1,64,0.0,economics_home
e0381,u056,c056,2026-02-19,s0342,2026-02-19 04:24:00,video_complete,0,33,1.0,economics_home
e0444,u026,c033,2026-02-19,s0197,2026-02-19 18:12:00,impression,1,64,0.0,dashboard
e0449,u115,c057,2026-02-19,s0128,2026-02-19 18:40:00,open,1,128,1.0,dashboard
e0485,u016,c048,2026-02-19,s0327,2026-02-19 04:44:00,open,1,65,0.0,trending
e0539,u034,c019,2026-02-19,s0056,2026-02-19 18:59:00,open,0,132,0.0,dashboard
e0544,u057,c054,2026-02-19,s0016,2026-02-19 11:20:00,video_start,1,57,0.0,dashboard
e0570,u016,c046,2026-02-19,s0322,2026-02-19 04:18:00,video_complete,0,20,0.0,economics_home
e0578,u123,c003,2026-02-19,s0203,2026-02-19 20:16:00,impression,1,1,1.0,newsletter
e0355,u135,c036,2026-02-20,s0345,2026-02-20 09:09:00,impression,1,63,0.0,economics_home
e0375,u023,c007,2026-02-20,s0258,2026-02-20 16:53:00,video_start,0,63,0.0,economics_home
e0400,u001,c037,2026-02-20,s0192,2026-02-20 00:25:00,video_complete,0,129,1.0,newsletter
e0421,u051,c004,2026-02-20,s0254,2026-02-20 11:55:00,video_complete,1,48,1.0,dashboard
e0423,u125,c026,2026-02-20,s0053,2026-02-20 08:58:00,video_complete,0,17,1.0,trending
e0454,u115,c054,2026-02-20,s0397,2026-02-20 15:13:00,video_start,1,61,1.0,dashboard
e0455,u020,c038,2026-02-20,s0138,2026-02-20 16:18:00,impression,1,78,1.0,newsletter
e0479,u051,c040,2026-02-20,s0189,2026-02-20 01:58:00,open,0,86,1.0,trending
e0490,u119,c021,2026-02-20,s0055,2026-02-20 23:15:00,video_start,0,72,0.0,economics_home
e0491,u037,c055,2026-02-20,s0153,2026-02-20 15:57:00,open,0,109,0.0,economics_home
e0527,u003,c008,2026-02-20,s0093,2026-02-20 05:56:00,video_start,0,59,1.0,newsletter
e0277,u003,c024,2026-02-21,s0177,2026-02-21 00:47:00,impression,0,78,0.0,dashboard
e0313,u085,c020,2026-02-21,s0155,2026-02-21 22:06:00,impression,0,54,1.0,trending
e0367,u072,c044,2026-02-21,s0349,2026-02-21 22:20:00,video_start,0,96,1.0,economics_home
e0385,u123,c031,2026-02-21,s0103,2026-02-21 22:12:00,impression,0,53,0.0,dashboard
e0404,u119,c038,2026-02-21,s0157,2026-02-21 22:02:00,impression,0,122,0.0,economics_home
e0405,u040,c054,2026-02-21,s0005,2026-02-21 13:26:00,open,1,52,0.0,economics_home
e0408,u034,c032,2026-02-21,s0006,2026-02-21 08:19:00,video_complete,1,87,0.0,trending
e0460,u036,c046,2026-02-21,s0263,2026-02-21 10:40:00,video_complete,0,72,1.0,economics_home
e0545,u082,c050,2026-02-21,s0242,2026-02-21 13:50:00,impression,0,43,1.0,dashboard
e0557,u049,c052,2026-02-21,s0155,2026-02-21 05:13:00,video_complete,1,67,1.0,economics_home
e0560,u079,c032,2026-02-21,s0011,2026-02-21 01:03:00,impression,0,106,1.0,dashboard
e0288,u119,c014,2026-02-22,s0063,2026-02-22 08:59:00,impression,0,49,1.0,dashboard
e0295,u013,c056,2026-02-22,s0121,2026-02-22 21:38:00,video_complete,0,67,0.0,trending
e0338,u010,c043,2026-02-22,s0265,2026-02-22 21:41:00,video_start,1,106,0.0,dashboard
e0437,u121,c006,2026-02-22,s0087,2026-02-22 11:13:00,open,0,52,1.0,dashboard
e0459,u132,c038,2026-02-22,s0197,2026-02-22 14:24:00,impression,1,94,1.0,trending
e0507,u062,c027,2026-02-22,s0036,2026-02-22 09:24:00,impression,1,85,0.0,economics_home
e0509,u036,c001,2026-02-22,s0314,2026-02-22 01:11:00,video_start,0,92,1.0,dashboard
e0541,u012,c023,2026-02-22,s0233,2026-02-22 04:43:00,impression,1,105,0.0,economics_home
e0554,u123,c038,2026-02-22,s0315,2026-02-22 10:40:00,video_start,1,118,1.0,newsletter
e0273,u014,c029,2026-02-23,s0380,2026-02-23 14:58:00,video_complete,0,65,0.0,dashboard
e0289,u055,c008,2026-02-23,s0182,2026-02-23 03:36:00,video_start,1,101,0.0,trending
e0341,u115,c020,2026-02-23,s0387,2026-02-23 16:45:00,impression,1,35,1.0,trending
e0433,u084,c050,2026-02-23,s0346,2026-02-23 10:41:00,video_start,0,23,0.0,newsletter
e0446,u021,c016,2026-02-23,s0226,2026-02-23 03:14:00,impression,0,94,0.0,economics_home
e0495,u074,c044,2026-02-23,s0124,2026-02-23 12:13:00,impression,1,74,1.0,economics_home
e0516,u033,c034,2026-02-23,s0015,2026-02-23 05:55:00,impression,0,38,0.0,dashboard
e0533,u133,c032,2026-02-23,s0199,2026-02-23 23:50:00,video_complete,0,121,1.0,economics_home
e0536,u042,c041,2026-02-23,s0138,2026-02-23 15:35:00,open,1,48,0.0,economics_home
e0575,u077,c026,2026-02-23,s0118,2026-02-23 13:06:00,impression,0,37,0.0,trending
e0255,u123,c002,2026-02-24,s0070,2026-02-24 01:37:00,video_start,1,123,0.0,economics_home
e0264,u057,c034,2026-02-24,s0183,2026-02-24 15:24:00,impression,0,52,0.0,newsletter
e0276,u132,c049,2026-02-24,s0161,2026-02-24 08:26:00,video_start,0,48,1.0,economics_home
e0291,u026,c060,2026-02-24,s0044,2026-02-24 16:41:00,video_start,1,77,0.0,trending
e0300,u027,c019,2026-02-24,s0145,2026-02-24 09:49:00,video_start,0,76,1.0,economics_home
e0398,u086,c035,2026-02-24,s0044,2026-02-24 02:15:00,video_complete,1,53,0.0,economics_home
e0420,u069,c016,2026-02-24,s0152,2026-02-24 06:35:00,video_complete,1,92,0.0,dashboard
e0439,u037,c015,2026-02-24,s0121,2026-02-24 04:18:00,video_start,1,79,0.0,trending
e0484,u052,c026,2026-02-24,s0269,2026-02-24 23:34:00,video_start,1,33,0.0,dashboard
e0492,u011,c038,2026-02-24,s0244,2026-02-24 16:45:00,impression,0,96,0.0,economics_home
e0310,u018,c016,2026-02-25,s0210,2026-02-25 08:20:00,impression,0,81,1.0,dashboard
e0383,u122,c056,2026-02-25,s0249,2026-02-25 12:46:00,impression,0,46,1.0,trending
e0425,u124,c022,2026-02-25,s0167,2026-02-25 23:08:00,video_complete,0,81,1.0,economics_home
e0467,u122,c053,2026-02-25,s0098,2026-02-25 15:09:00,video_start,0,30,1.0,dashboard
e0496,u073,c005,2026-02-25,s0347,2026-02-25 20:02:00,open,1,49,0.0,dashboard
e0553,u112,c031,2026-02-25,s0155,2026-02-25 17:45:00,open,1,77,1.0,dashboard
e0565,u022,c054,2026-02-25,s0037,2026-02-25 18:07:00,impression,1,59,1.0,newsletter
e0259,u070,c027,2026-02-26,s0184,2026-02-26 23:22:00,video_start,1,116,1.0,newsletter
e0299,u043,c036,2026-02-26,s0234,2026-02-26 23:32:00,open,1,79,1.0,economics_home
e0307,u047,c013,2026-02-26,s0386,2026-02-26 07:14:00,impression,0,50,1.0,newsletter
e0309,u071,c043,2026-02-26,s0010,2026-02-26 00:08:00,impression,1,110,0.0,dashboard
e0330,u087,c013,2026-02-26,s0215,2026-02-26 23:11:00,video_start,0,48,1.0,economics_home
e0332,u018,c010,2026-02-26,s0021,2026-02-26 23:10:00,impression,1,87,1.0,trending
e0374,u032,c034,2026-02-26,s0079,2026-02-26 02:42:00,video_complete,1,57,1.0,dashboard
e0401,u052,c056,2026-02-26,s0260,2026-02-26 16:18:00,video_start,0,61,0.0,economics_home
e0402,u087,c037,2026-02-26,s0105,2026-02-26 11:33:00,open,1,96,1.0,dashboard
e0481,u005,c050,2026-02-26,s0015,2026-02-26 06:41:00,open,0,51,0.0,dashboard
e0501,u074,c028,2026-02-26,s0163,2026-02-26 17:58:00,video_start,1,4,0.0,economics_home
e0258,u118,c009,2026-02-27,s0167,2026-02-27 07:56:00,impression,1,63,1.0,dashboard
e0286,u114,c046,2026-02-27,s0249,2026-02-27 00:58:00,video_complete,1,31,1.0,economics_home
e0315,u075,c053,2026-02-27,s0143,2026-02-27 00:52:00,open,0,54,0.0,economics_home
e0317,u014,c016,2026-02-27,s0089,2026-02-27 05:26:00,impression,0,85,1.0,economics_home
e0321,u070,c048,2026-02-27,s0394,2026-02-27 15:26:00,open,0,92,1.0,trending
e0336,u112,c048,2026-02-27,s0396,2026-02-27 13:43:00,video_complete,0,68,0.0,economics_home
e0388,u076,c042,2026-02-27,s0346,2026-02-27 20:26:00,video_complete,0,63,0.0,dashboard
e0434,u114,c013,2026-02-27,s0392,2026-02-27 12:34:00,video_complete,1,77,0.0,dashboard
e0464,u129,c006,2026-02-27,s0276,2026-02-27 08:58:00,impression,0,27,1.0,economics_home
e0487,u007,c010,2026-02-27,s0268,2026-02-27 12:16:00,open,0,103,1.0,economics_home
e0488,u052,c053,2026-02-27,s0278,2026-02-27 23:23:00,impression,1,39,1.0,dashboard
e0505,u137,c032,2026-02-27,s0067,2026-02-27 15:29:00,impression,1,81,0.0,trending
e0563,u036,c050,2026-02-27,s0234,2026-02-27 05:09:00,video_start,0,39,1.0,trending
e0576,u123,c050,2026-02-27,s0301,2026-02-27 09:55:00,open,0,81,1.0,trending
e0254,u020,c046,2026-02-28,s0347,2026-02-28 02:32:00,impression,1,74,1.0,economics_home
e0342,u053,c044,2026-02-28,s0089,2026-02-28 18:15:00,impression,1,69,1.0,trending
e0347,u014,c058,2026-02-28,s0348,2026-02-28 18:21:00,impression,0,118,0.0,dashboard
e0361,u048,c017,2026-02-28,s0304,2026-02-28 08:13:00,open,1,34,1.0,economics_home
e0365,u017,c020,2026-02-28,s0335,2026-02-28 04:14:00,impression,1,60,0.0,dashboard
e0370,u006,c049,2026-02-28,s0375,2026-02-28 07:22:00,impression,1,71,1.0,trending
e0377,u065,c034,2026-02-28,s0275,2026-02-28 23:56:00,open,1,41,0.0,economics_home
e0431,u022,c046,2026-02-28,s0242,2026-02-28 20:13:00,video_start,0,35,0.0,trending
e0432,u137,c049,2026-02-28,s0380,2026-02-28 05:31:00,video_complete,1,49,1.0,economics_home
e0435,u055,c044,2026-02-28,s0166,2026-02-28 23:31:00,video_complete,1,90,1.0,economics_home
e0440,u007,c040,2026-02-28,s0084,2026-02-28 18:58:00,video_start,0,82,0.0,economics_home
e0493,u041,c052,2026-02-28,s0248,2026-02-28 13:53:00,video_complete,0,40,1.0,economics_home
e0517,u059,c025,2026-02-28,s0043,2026-02-28 09:50:00,open,1,117,1.0,trending
e0579,u083,c057,2026-02-28,s0177,2026-02-28 22:24:00,open,0,107,0.0,dashboard
e0292,u120,c021,2026-03-01,s0145,2026-03-01 20:36:00,impression,0,62,1.0,dashboard
e0306,u026,c054,2026-03-01,s0195,2026-03-01 14:27:00,impression,0,48,0.0,newsletter
e0344,u119,c028,2026-03-01,s0299,2026-03-01 01:50:00,video_start,0,67,1.0,trending
e0392,u038,c010,2026-03-01,s0207,2026-03-01 16:54:00,impression,0,78,0.0,trending
e0406,u063,c059,2026-03-01,s0215,2026-03-01 13:46:00,video_start,0,61,1.0,economics_home
e0447,u036,c024,2026-03-01,s0337,2026-03-01 10:15:00,video_start,0,64,1.0,trending
e0494,u037,c026,2026-03-01,s0311,2026-03-01 10:30:00,video_start,0,62,,newsletter
e0548,u005,c026,2026-03-01,s0141,2026-03-01 15:57:00,impression,0,49,1.0,newsletter
e0550,u112,c013,2026-03-01,s0288,2026-03-01 10:25:00,open,1,55,1.0,economics_home
e0564,u010,c045,2026-03-01,s0023,2026-03-01 19:34:00,video_complete,1,81,0.0,trending
e0568,u075,c007,2026-03-01,s0016,2026-03-01 10:48:00,open,0,91,0.0,economics_home
e0606,u157,c037,2026-03-02,s0314,2026-03-02 02:40:00,impression,0,84,1.0,trending
e0766,u153,c033,2026-03-02,s0311,2026-03-02 23:18:00,video_complete,1,33,1.0,trending
e0786,u015,c017,2026-03-02,s0072,2026-03-02 19:48:00,impression,0,42,0.0,dashboard
e0792,u060,c026,2026-03-02,s0223,2026-03-02 16:38:00,video_start,0,29,1.0,economics_home
e0859,u151,c048,2026-03-02,s0203,2026-03-02 17:53:00,open,1,68,1.0,trending
e0880,u158,c018,2026-03-02,s0122,2026-03-02 02:34:00,video_complete,0,56,0.0,trending
e0931,u151,c048,2026-03-02,s0168,2026-03-02 16:36:00,video_start,1,82,0.0,economics_home
e0976,u040,c021,2026-03-02,s0138,2026-03-02 13:58:00,open,0,30,1.0,trending
e0983,u004,c059,2026-03-02,s0290,2026-03-02 17:33:00,open,1,69,1.0,newsletter
e0646,u150,c057,2026-03-03,s0158,2026-03-03 08:45:00,open,1,37,0.0,economics_home
e0687,u034,c015,2026-03-03,s0006,2026-03-03 12:47:00,video_complete,0,84,1.0,economics_home
e0697,u139,c027,2026-03-03,s0192,2026-03-03 06:34:00,video_complete,1,122,0.0,economics_home
e0774,u140,c050,2026-03-03,s0257,2026-03-03 07:03:00,impression,0,37,1.0,trending
e0795,u007,c007,2026-03-03,s0229,2026-03-03 09:42:00,impression,1,66,0.0,economics_home
e0800,u164,c060,2026-03-03,s0033,2026-03-03 08:41:00,impression,0,64,1.0,dashboard
e0815,u034,c034,2026-03-03,s0359,2026-03-03 10:55:00,open,0,1,0.0,economics_home
e0818,u052,c026,2026-03-03,s0312,2026-03-03 02:49:00,video_complete,1,50,0.0,newsletter
e0822,u007,c029,2026-03-03,s0324,2026-03-03 12:37:00,video_start,1,103,1.0,dashboard
e0944,u018,c009,2026-03-03,s0326,2026-03-03 19:42:00,video_complete,0,103,1.0,economics_home
e0950,u042,c052,2026-03-03,s0148,2026-03-03 23:41:00,video_start,0,28,1.0,economics_home
e0966,u043,c003,2026-03-03,s0348,2026-03-03 22:20:00,video_start,0,72,1.0,trending
e0974,u076,c022,2026-03-03,s0003,2026-03-03 19:39:00,impression,0,101,0.0,economics_home
e0988,u039,c005,2026-03-03,s0141,2026-03-03 16:35:00,open,0,69,1.0,economics_home
e0605,u046,c044,2026-03-04,s0016,2026-03-04 06:34:00,open,0,39,1.0,trending
e0660,u057,c045,2026-03-04,s0169,2026-03-04 00:57:00,video_complete,0,28,0.0,economics_home
e0662,u047,c053,2026-03-04,s0320,2026-03-04 17:56:00,impression,0,70,1.0,dashboard
e0663,u044,c012,2026-03-04,s0368,2026-03-04 02:58:00,open,1,81,0.0,trending
e0700,u149,c041,2026-03-04,s0093,2026-03-04 23:10:00,impression,0,29,0.0,trending
e0720,u078,c025,2026-03-04,s0238,2026-03-04 17:24:00,video_start,0,77,0.0,dashboard
e0742,u047,c031,2026-03-04,s0010,2026-03-04 18:41:00,video_complete,0,29,1.0,dashboard
e0771,u074,c015,2026-03-04,s0036,2026-03-04 14:01:00,video_start,1,54,0.0,trending
e0833,u180,c055,2026-03-04,s0103,2026-03-04 04:43:00,video_complete,0,49,0.0,trending
e0851,u157,c031,2026-03-04,s0317,2026-03-04 20:42:00,impression,0,70,1.0,economics_home
e0899,u005,c021,2026-03-04,s0313,2026-03-04 15:20:00,open,1,29,0.0,economics_home
e0921,u052,c045,2026-03-04,s0227,2026-03-04 11:39:00,impression,0,63,0.0,economics_home
e0941,u057,c014,2026-03-04,s0365,2026-03-04 09:17:00,open,1,40,,dashboard
e0945,u002,c043,2026-03-04,s0348,2026-03-04 00:51:00,open,0,87,1.0,dashboard
e0985,u073,c013,2026-03-04,s0331,2026-03-04 05:33:00,video_complete,1,57,1.0,trending
e0992,u037,c004,2026-03-04,s0113,2026-03-04 13:01:00,open,1,57,0.0,economics_home
e0614,u145,c048,2026-03-05,s0069,2026-03-05 19:59:00,open,0,66,0.0,trending
e0615,u046,c045,2026-03-05,s0293,2026-03-05 15:17:00,impression,1,46,0.0,dashboard
e0636,u160,c047,2026-03-05,s0332,2026-03-05 20:50:00,open,0,79,0.0,trending
e0665,u177,c018,2026-03-05,s0041,2026-03-05 06:39:00,open,0,42,1.0,dashboard
e0666,u038,c033,2026-03-05,s0227,2026-03-05 23:43:00,impression,1,66,0.0,trending
e0669,u167,c053,2026-03-05,s0381,2026-03-05 10:51:00,video_complete,0,28,1.0,newsletter
e0691,u168,c017,2026-03-05,s0161,2026-03-05 04:03:00,open,0,28,1.0,dashboard
e0706,u014,c028,2026-03-05,s0132,2026-03-05 12:20:00,impression,1,48,0.0,newsletter
e0714,u038,c038,2026-03-05,s0133,2026-03-05 04:27:00,video_start,1,66,1.0,dashboard
e0716,u166,c001,2026-03-05,s0298,2026-03-05 09:00:00,video_start,0,73,0.0,trending
e0738,u142,c059,2026-03-05,s0313,2026-03-05 05:45:00,video_complete,1,75,0.0,trending
e0749,u151,c050,2026-03-05,s0399,2026-03-05 18:49:00,video_start,0,6,1.0,economics_home
e0793,u167,c005,2026-03-05,s0220,2026-03-05 08:57:00,impression,0,46,1.0,dashboard
e0826,u042,c039,2026-03-05,s0319,2026-03-05 05:01:00,impression,0,33,0.0,newsletter
e0840,u165,c009,2026-03-05,s0074,2026-03-05 19:47:00,video_start,1,74,0.0,economics_home
e0843,u079,c058,2026-03-05,s0005,2026-03-05 07:49:00,video_start,1,118,0.0,economics_home
e0845,u076,c042,2026-03-05,s0386,2026-03-05 17:24:00,impression,0,76,0.0,dashboard
e0846,u042,c018,2026-03-05,s0102,2026-03-05 20:53:00,open,1,88,1.0,economics_home
e0861,u169,c014,2026-03-05,s0160,2026-03-05 07:51:00,open,1,48,0.0,dashboard
e0874,u034,c033,2026-03-05,s0007,2026-03-05 06:12:00,open,1,64,1.0,dashboard
e0938,u004,c036,2026-03-05,s0380,2026-03-05 22:55:00,video_start,1,87,0.0,newsletter
e0979,u026,c017,2026-03-05,s0248,2026-03-05 01:18:00,video_start,0,45,1.0,dashboard
e0613,u166,c053,2026-03-06,s0268,2026-03-06 14:10:00,video_start,1,42,0.0,dashboard
e0651,u007,c040,2026-03-06,s0006,2026-03-06 17:02:00,impression,1,82,0.0,economics_home
e0829,u167,c010,2026-03-06,s0110,2026-03-06 06:42:00,open,0,77,0.0,trending
e0839,u064,c043,2026-03-06,s0242,2026-03-06 19:38:00,video_complete,1,86,0.0,dashboard
e0842,u074,c053,2026-03-06,s0353,2026-03-06 04:40:00,impression,0,41,1.0,trending
e0918,u075,c014,2026-03-06,s0158,2026-03-06 09:03:00,video_start,1,61,,newsletter
e0961,u160,c022,2026-03-06,s0282,2026-03-06 17:39:00,open,0,59,1.0,dashboard
e0999,u144,c030,2026-03-06,s0188,2026-03-06 01:39:00,video_start,1,18,1.0,newsletter
e0584,u053,c004,2026-03-07,s0144,2026-03-07 06:09:00,impression,0,55,1.0,economics_home
e0630,u144,c046,2026-03-07,s0290,2026-03-07 20:23:00,video_start,0,40,1.0,economics_home
e0648,u006,c056,2026-03-07,s0078,2026-03-07 13:34:00,open,0,16,1.0,dashboard
e0698,u001,c011,2026-03-07,s0291,2026-03-07 09:06:00,video_start,1,73,0.0,dashboard
e0741,u008,c055,2026-03-07,s0315,2026-03-07 12:27:00,video_complete,0,50,0.0,trending
e0754,u025,c007,2026-03-07,s0235,2026-03-07 16:01:00,impression,0,64,0.0,economics_home
e0802,u147,c053,2026-03-07,s0260,2026-03-07 06:49:00,impression,1,15,1.0,trending
e0812,u019,c030,2026-03-07,s0055,2026-03-07 06:33:00,impression,1,23,1.0,dashboard
e0857,u032,c029,2026-03-07,s0010,2026-03-07 02:22:00,video_start,1,74,0.0,newsletter
e0869,u029,c038,2026-03-07,s0306,2026-03-07 20:19:00,video_complete,0,67,0.0,trending
e0959,u044,c027,2026-03-07,s0389,2026-03-07 18:17:00,video_start,1,99,0.0,dashboard
e0588,u149,c002,2026-03-08,s0146,2026-03-08 03:39:00,impression,1,76,0.0,economics_home
e0686,u004,c010,2026-03-08,s0347,2026-03-08 04:55:00,video_start,0,100,0.0,dashboard
e0761,u016,c008,2026-03-08,s0209,2026-03-08 00:21:00,impression,1,61,0.0,dashboard
e0830,u143,c060,2026-03-08,s0157,2026-03-08 13:54:00,video_start,1,105,1.0,dashboard
e0929,u172,c034,2026-03-08,s0034,2026-03-08 08:25:00,video_start,0,76,1.0,economics_home
e0968,u158,c016,2026-03-08,s0299,2026-03-08 10:05:00,video_start,1,78,1.0,dashboard
e0993,u078,c057,2026-03-08,s0006,2026-03-08 18:27:00,impression,0,67,1.0,dashboard
e0994,u008,c030,2026-03-08,s0057,2026-03-08 01:52:00,video_start,1,34,1.0,newsletter
e0608,u015,c032,2026-03-09,s0256,2026-03-09 10:22:00,video_start,0,75,0.0,dashboard
e0634,u076,c008,2026-03-09,s0316,2026-03-09 21:43:00,impression,1,82,1.0,newsletter
e0661,u071,c027,2026-03-09,s0044,2026-03-09 20:36:00,impression,1,81,1.0,economics_home
e0704,u149,c022,2026-03-09,s0264,2026-03-09 20:54:00,impression,1,99,0.0,dashboard
e0719,u170,c035,2026-03-09,s0151,2026-03-09 03:47:00,open,0,50,0.0,economics_home
e0730,u052,c057,2026-03-09,s0072,2026-03-09 04:42:00,video_start,0,60,0.0,newsletter
e0744,u151,c026,2026-03-09,s0316,2026-03-09 08:40:00,video_start,0,64,1.0,newsletter
e0748,u147,c032,2026-03-09,s0353,2026-03-09 00:58:00,video_complete,0,86,0.0,economics_home
e0768,u036,c038,2026-03-09,s0359,2026-03-09 10:25:00,video_complete,0,75,0.0,dashboard
e0819,u044,c037,2026-03-09,s0008,2026-03-09 00:12:00,open,1,73,0.0,newsletter
e0849,u003,c010,2026-03-09,s0225,2026-03-09 18:48:00,impression,0,68,0.0,dashboard
e0854,u179,c030,2026-03-09,s0342,2026-03-09 03:29:00,video_complete,1,40,1.0,trending
e0909,u170,c010,2026-03-09,s0118,2026-03-09 01:04:00,video_start,0,69,0.0,newsletter
e0925,u165,c017,2026-03-09,s0382,2026-03-09 18:52:00,open,0,51,1.0,trending
e0930,u067,c043,2026-03-09,s0076,2026-03-09 08:30:00,video_complete,1,104,0.0,dashboard
e0969,u148,c002,2026-03-09,s0190,2026-03-09 13:13:00,impression,1,117,1.0,dashboard
e0659,u160,c011,2026-03-10,s0298,2026-03-10 07:34:00,video_complete,1,69,1.0,dashboard
e0680,u020,c015,2026-03-10,s0072,2026-03-10 10:22:00,video_start,0,53,1.0,dashboard
e0683,u138,c022,2026-03-10,s0062,2026-03-10 10:51:00,video_complete,1,70,0.0,newsletter
e0710,u043,c028,2026-03-10,s0355,2026-03-10 17:44:00,video_complete,1,13,0.0,economics_home
e0723,u078,c027,2026-03-10,s0235,2026-03-10 21:02:00,video_start,1,43,,trending
e0743,u151,c023,2026-03-10,s0011,2026-03-10 16:25:00,impression,0,62,0.0,economics_home
e0805,u063,c003,2026-03-10,s0376,2026-03-10 08:05:00,open,0,24,0.0,economics_home
e0824,u147,c042,2026-03-10,s0237,2026-03-10 06:08:00,video_start,0,84,1.0,economics_home
e0825,u026,c059,2026-03-10,s0308,2026-03-10 10:11:00,video_complete,0,112,0.0,newsletter
e0838,u069,c051,2026-03-10,s0219,2026-03-10 06:31:00,impression,0,36,1.0,economics_home
e0862,u043,c018,2026-03-10,s0037,2026-03-10 00:07:00,open,1,49,0.0,dashboard
e0865,u174,c017,2026-03-10,s0189,2026-03-10 20:32:00,impression,1,14,1.0,economics_home
e0876,u016,c021,2026-03-10,s0310,2026-03-10 02:24:00,video_complete,1,42,1.0,trending
e0881,u062,c032,2026-03-10,s0392,2026-03-10 00:13:00,video_start,0,72,1.0,economics_home
e0896,u013,c027,2026-03-10,s0010,2026-03-10 17:18:00,impression,1,79,0.0,trending
e0897,u036,c054,2026-03-10,s0059,2026-03-10 02:35:00,video_complete,0,68,1.0,trending
e0949,u076,c029,2026-03-10,s0341,2026-03-10 22:57:00,impression,1,64,1.0,economics_home
e0982,u056,c034,2026-03-10,s0300,2026-03-10 04:47:00,impression,1,87,1.0,newsletter
e0989,u159,c043,2026-03-10,s0350,2026-03-10 19:10:00,video_start,0,92,1.0,newsletter
e0997,u157,c046,2026-03-10,s0251,2026-03-10 06:51:00,video_complete,0,29,1.0,dashboard
e0594,u001,c034,2026-03-11,s0152,2026-03-11 08:55:00,video_complete,0,57,0.0,newsletter
e0604,u020,c001,2026-03-11,s0135,2026-03-11 10:31:00,video_start,1,80,1.0,dashboard
e0609,u071,c041,2026-03-11,s0162,2026-03-11 13:53:00,video_start,0,47,1.0,economics_home
e0627,u139,c036,2026-03-11,s0317,2026-03-11 13:02:00,video_start,1,70,1.0,dashboard
e0632,u161,c026,2026-03-11,s0166,2026-03-11 06:08:00,video_complete,1,32,0.0,dashboard
e0633,u154,c032,2026-03-11,s0322,2026-03-11 04:48:00,video_complete,1,87,1.0,trending
e0650,u028,c016,2026-03-11,s0239,2026-03-11 08:22:00,video_complete,0,78,0.0,dashboard
e0671,u151,c058,2026-03-11,s0108,2026-03-11 05:23:00,impression,1,85,0.0,trending
e0791,u175,c053,2026-03-11,s0265,2026-03-11 10:05:00,video_complete,1,24,1.0,dashboard
e0801,u041,c039,2026-03-11,s0227,2026-03-11 06:17:00,video_complete,1,33,1.0,dashboard
e0871,u162,c052,2026-03-11,s0067,2026-03-11 23:24:00,video_complete,0,68,1.0,newsletter
e0882,u065,c026,2026-03-11,s0352,2026-03-11 15:43:00,impression,0,44,0.0,trending
e0890,u021,c053,2026-03-11,s0289,2026-03-11 06:29:00,video_start,0,41,0.0,trending
e0898,u051,c040,2026-03-11,s0200,2026-03-11 01:10:00,video_complete,0,49,0.0,economics_home
e0954,u164,c027,2026-03-11,s0249,2026-03-11 09:38:00,open,1,82,0.0,economics_home
e0957,u044,c044,2026-03-11,s0314,2026-03-11 22:17:00,video_start,0,79,0.0,trending
e0963,u079,c020,2026-03-11,s0378,2026-03-11 12:55:00,video_start,1,34,0.0,economics_home
e0618,u151,c047,2026-03-12,s0227,2026-03-12 18:56:00,video_complete,1,83,0.0,dashboard
e0642,u154,c051,2026-03-12,s0108,2026-03-12 02:46:00,video_start,0,1,1.0,trending
e0694,u172,c002,2026-03-12,s0384,2026-03-12 12:23:00,video_start,1,88,0.0,dashboard
e0702,u026,c024,2026-03-12,s0247,2026-03-12 16:24:00,video_complete,0,40,1.0,dashboard
e0728,u010,c012,2026-03-12,s0164,2026-03-12 06:20:00,video_start,0,97,1.0,dashboard
e0735,u073,c004,2026-03-12,s0389,2026-03-12 16:34:00,open,0,20,1.0,economics_home
e0747,u140,c033,2026-03-12,s0371,2026-03-12 23:06:00,open,0,73,1.0,newsletter
e0781,u008,c052,2026-03-12,s0020,2026-03-12 22:51:00,open,1,50,,trending
e0808,u053,c036,2026-03-12,s0278,2026-03-12 07:44:00,open,1,61,0.0,trending
e0872,u064,c047,2026-03-12,s0350,2026-03-12 01:32:00,open,1,81,1.0,dashboard
e0891,u065,c038,2026-03-12,s0111,2026-03-12 10:07:00,impression,1,83,1.0,economics_home
e0895,u176,c006,2026-03-12,s0048,2026-03-12 17:50:00,video_start,0,50,0.0,dashboard
e0912,u175,c002,2026-03-12,s0283,2026-03-12 21:26:00,impression,1,66,1.0,dashboard
e0965,u012,c023,2026-03-12,s0079,2026-03-12 19:10:00,open,0,80,1.0,economics_home
e0973,u036,c052,2026-03-12,s0111,2026-03-12 20:31:00,video_complete,0,35,0.0,trending
e0987,u030,c004,2026-03-12,s0282,2026-03-12 05:34:00,impression,0,17,0.0,dashboard
e0587,u166,c055,2026-03-13,s0381,2026-03-13 08:26:00,video_start,1,34,0.0,dashboard
e0589,u072,c038,2026-03-13,s0045,2026-03-13 18:08:00,open,0,64,1.0,economics_home
e0599,u164,c031,2026-03-13,s0031,2026-03-13 12:00:00,open,1,40,1.0,economics_home
e0631,u074,c056,2026-03-13,s0183,2026-03-13 19:07:00,video_start,0,42,0.0,economics_home
e0670,u170,c025,2026-03-13,s0042,2026-03-13 01:29:00,impression,0,110,0.0,trending
e0688,u153,c027,2026-03-13,s0095,2026-03-13 16:19:00,open,1,49,0.0,economics_home
e0689,u037,c020,2026-03-13,s0119,2026-03-13 01:31:00,open,1,30,1.0,dashboard
e0726,u014,c011,2026-03-13,s0055,2026-03-13 09:00:00,video_start,1,75,0.0,dashboard
e0732,u068,c024,2026-03-13,s0113,2026-03-13 19:23:00,video_start,1,59,0.0,economics_home
e0755,u064,c048,2026-03-13,s0003,2026-03-13 14:10:00,open,0,107,1.0,dashboard
e0788,u056,c050,2026-03-13,s0381,2026-03-13 04:28:00,open,0,37,1.0,economics_home
e0798,u176,c031,2026-03-13,s0157,2026-03-13 14:12:00,video_start,1,69,1.0,economics_home
e0807,u139,c059,2026-03-13,s0230,2026-03-13 07:24:00,video_complete,0,74,1.0,trending
e0823,u009,c003,2026-03-13,s0089,2026-03-13 22:44:00,impression,0,50,1.0,trending
e0832,u072,c053,2026-03-13,s0060,2026-03-13 20:52:00,video_start,1,7,1.0,newsletter
e0837,u029,c013,2026-03-13,s0157,2026-03-13 00:31:00,video_complete,1,39,0.0,trending
e0841,u025,c009,2026-03-13,s0119,2026-03-13 07:06:00,video_start,1,81,0.0,trending
e0877,u065,c035,2026-03-13,s0155,2026-03-13 11:15:00,video_complete,1,37,0.0,economics_home
e0892,u056,c002,2026-03-13,s0375,2026-03-13 00:33:00,video_start,0,83,1.0,trending
e0902,u138,c021,2026-03-13,s0020,2026-03-13 07:58:00,video_start,0,61,1.0,economics_home
e0904,u024,c051,2026-03-13,s0240,2026-03-13 05:34:00,video_complete,0,36,0.0,economics_home
e0911,u072,c013,2026-03-13,s0033,2026-03-13 11:06:00,open,0,14,0.0,dashboard
e0913,u160,c055,2026-03-13,s0282,2026-03-13 10:21:00,open,1,45,1.0,dashboard
e0952,u175,c036,2026-03-13,s0201,2026-03-13 03:30:00,open,0,17,0.0,dashboard
e0970,u040,c039,2026-03-13,s0165,2026-03-13 15:16:00,video_start,1,31,0.0,economics_home
e0581,u155,c052,2026-03-14,s0350,2026-03-14 21:48:00,open,0,44,,trending
e0598,u054,c005,2026-03-14,s0306,2026-03-14 19:53:00,open,0,61,0.0,trending
e0621,u173,c015,2026-03-14,s0279,2026-03-14 00:29:00,impression,0,49,1.0,dashboard
e0624,u077,c025,2026-03-14,s0343,2026-03-14 15:04:00,video_complete,0,59,0.0,newsletter
e0753,u031,c019,2026-03-14,s0139,2026-03-14 16:19:00,video_complete,0,47,1.0,trending
e0787,u159,c026,2026-03-14,s0290,2026-03-14 13:46:00,open,0,36,1.0,economics_home
e0915,u018,c014,2026-03-14,s0087,2026-03-14 16:04:00,impression,0,35,1.0,dashboard
e0644,u164,c014,2026-03-15,s0067,2026-03-15 00:14:00,video_complete,0,49,1.0,dashboard
e0658,u075,c041,2026-03-15,s0160,2026-03-15 15:39:00,impression,0,42,1.0,dashboard
e0679,u035,c015,2026-03-15,s0027,2026-03-15 21:39:00,video_start,0,74,1.0,trending
e0711,u002,c036,2026-03-15,s0094,2026-03-15 00:56:00,video_start,0,70,0.0,trending
e0712,u074,c009,2026-03-15,s0343,2026-03-15 12:56:00,impression,1,64,1.0,trending
e0816,u018,c029,2026-03-15,s0240,2026-03-15 14:21:00,impression,0,28,0.0,economics_home
e0884,u059,c029,2026-03-15,s0277,2026-03-15 18:50:00,video_complete,0,69,0.0,dashboard
e0889,u167,c030,2026-03-15,s0059,2026-03-15 03:39:00,impression,1,13,0.0,newsletter
e0907,u040,c030,2026-03-15,s0214,2026-03-15 11:35:00,video_complete,1,34,0.0,trending
e0962,u001,c051,2026-03-15,s0215,2026-03-15 21:56:00,open,1,13,0.0,dashboard
e0995,u175,c054,2026-03-15,s0213,2026-03-15 19:26:00,open,1,65,1.0,economics_home
e0622,u163,c004,2026-03-16,s0278,2026-03-16 12:09:00,open,1,21,1.0,economics_home
e0677,u151,c020,2026-03-16,s0033,2026-03-16 07:53:00,impression,1,20,0.0,dashboard
e0695,u063,c050,2026-03-16,s0054,2026-03-16 21:06:00,video_complete,1,38,0.0,trending
e0707,u077,c011,2026-03-16,s0345,2026-03-16 23:44:00,impression,0,96,1.0,economics_home
e0718,u040,c035,2026-03-16,s0224,2026-03-16 15:41:00,video_start,0,53,0.0,dashboard
e0762,u025,c007,2026-03-16,s0346,2026-03-16 13:55:00,impression,0,67,0.0,economics_home
e0763,u027,c014,2026-03-16,s0220,2026-03-16 08:05:00,impression,1,14,0.0,dashboard
e0777,u148,c033,2026-03-16,s0397,2026-03-16 13:29:00,open,0,28,0.0,dashboard
e0834,u166,c031,2026-03-16,s0055,2026-03-16 13:48:00,video_start,0,38,0.0,economics_home
e0850,u142,c056,2026-03-16,s0086,2026-03-16 14:10:00,open,0,31,1.0,trending
e0948,u078,c024,2026-03-16,s0094,2026-03-16 08:40:00,video_start,0,26,0.0,dashboard
e0977,u066,c037,2026-03-16,s0273,2026-03-16 01:08:00,impression,1,104,0.0,newsletter
e0986,u166,c059,2026-03-16,s0152,2026-03-16 00:57:00,impression,0,89,1.0,newsletter
e0991,u169,c056,2026-03-16,s0334,2026-03-16 01:12:00,open,0,29,0.0,dashboard
e0583,u158,c006,2026-03-17,s0271,2026-03-17 08:09:00,video_complete,0,55,1.0,economics_home
e0612,u035,c060,2026-03-17,s0265,2026-03-17 10:57:00,impression,0,61,0.0,dashboard
e0617,u045,c018,2026-03-17,s0343,2026-03-17 05:01:00,video_start,1,61,0.0,dashboard
e0641,u010,c025,2026-03-17,s0082,2026-03-17 14:32:00,open,1,66,1.0,trending
e0752,u063,c049,2026-03-17,s0397,2026-03-17 14:18:00,open,0,32,1.0,trending
e0799,u140,c008,2026-03-17,s0140,2026-03-17 10:17:00,video_start,1,60,1.0,economics_home
e0813,u018,c051,2026-03-17,s0143,2026-03-17 17:20:00,impression,0,43,0.0,dashboard
e0864,u073,c044,2026-03-17,s0163,2026-03-17 04:45:00,video_start,1,46,1.0,trending
e0867,u014,c008,2026-03-17,s0199,2026-03-17 16:18:00,open,0,87,,trending
e0923,u042,c016,2026-03-17,s0225,2026-03-17 04:43:00,video_start,1,64,1.0,economics_home
e0937,u065,c002,2026-03-17,s0135,2026-03-17 12:41:00,open,0,38,0.0,economics_home
e0600,u173,c055,2026-03-18,s0110,2026-03-18 09:06:00,video_start,0,58,0.0,economics_home
e0637,u063,c004,2026-03-18,s0131,2026-03-18 22:04:00,video_complete,1,32,1.0,economics_home
e0672,u038,c037,2026-03-18,s0388,2026-03-18 02:09:00,open,1,51,1.0,newsletter
e0674,u151,c045,2026-03-18,s0272,2026-03-18 02:58:00,impression,1,42,0.0,trending
e0690,u142,c008,2026-03-18,s0239,2026-03-18 18:28:00,impression,1,40,0.0,trending
e0721,u059,c036,2026-03-18,s0191,2026-03-18 01:51:00,impression,0,69,0.0,trending
e0734,u009,c015,2026-03-18,s0052,2026-03-18 08:13:00,video_complete,1,97,0.0,newsletter
e0773,u021,c004,2026-03-18,s0304,2026-03-18 22:55:00,open,1,50,1.0,economics_home
e0783,u021,c038,2026-03-18,s0209,2026-03-18 10:00:00,video_start,0,76,1.0,newsletter
e0814,u004,c040,2026-03-18,s0059,2026-03-18 01:40:00,open,0,47,0.0,dashboard
e0888,u158,c035,2026-03-18,s0197,2026-03-18 22:25:00,impression,0,70,1.0,economics_home
e0900,u072,c004,2026-03-18,s0062,2026-03-18 08:23:00,open,1,22,1.0,trending
e0955,u057,c041,2026-03-18,s0300,2026-03-18 10:38:00,open,1,73,1.0,trending
e0960,u071,c030,2026-03-18,s0106,2026-03-18 23:49:00,video_start,0,42,1.0,trending
e0967,u178,c037,2026-03-18,s0361,2026-03-18 07:03:00,impression,0,105,1.0,dashboard
e0996,u048,c014,2026-03-18,s0385,2026-03-18 04:38:00,video_start,0,19,1.0,dashboard
e0592,u062,c006,2026-03-19,s0213,2026-03-19 10:12:00,open,0,49,1.0,dashboard
e0597,u069,c046,2026-03-19,s0384,2026-03-19 01:54:00,video_complete,0,30,1.0,trending
e0647,u156,c034,2026-03-19,s0088,2026-03-19 10:00:00,video_complete,0,12,1.0,dashboard
e0652,u011,c032,2026-03-19,s0041,2026-03-19 22:05:00,video_complete,0,72,,dashboard
e0667,u055,c046,2026-03-19,s0250,2026-03-19 22:49:00,impression,0,32,0.0,trending
e0668,u165,c020,2026-03-19,s0032,2026-03-19 16:20:00,impression,1,38,1.0,economics_home
e0675,u005,c060,2026-03-19,s0198,2026-03-19 16:42:00,impression,0,72,1.0,economics_home
e0715,u148,c012,2026-03-19,s0223,2026-03-19 19:44:00,video_complete,0,94,1.0,economics_home
e0717,u067,c024,2026-03-19,s0232,2026-03-19 20:27:00,video_start,0,73,0.0,dashboard
e0767,u017,c038,2026-03-19,s0293,2026-03-19 16:46:00,open,1,105,1.0,dashboard
e0779,u141,c022,2026-03-19,s0235,2026-03-19 14:45:00,impression,0,104,1.0,trending
e0847,u039,c007,2026-03-19,s0129,2026-03-19 01:01:00,open,1,51,0.0,newsletter
e0848,u170,c015,2026-03-19,s0083,2026-03-19 17:09:00,video_complete,0,78,0.0,dashboard
e0885,u013,c028,2026-03-19,s0242,2026-03-19 00:25:00,impression,0,7,0.0,economics_home
e0901,u037,c004,2026-03-19,s0283,2026-03-19 19:08:00,video_start,0,61,0.0,trending
e0953,u036,c058,2026-03-19,s0107,2026-03-19 16:21:00,open,1,110,1.0,newsletter
e0586,u033,c004,2026-03-20,s0051,2026-03-20 14:56:00,open,0,30,1.0,dashboard
e0619,u031,c036,2026-03-20,s0293,2026-03-20 16:21:00,video_start,0,67,0.0,trending
e0623,u072,c002,2026-03-20,s0312,2026-03-20 20:47:00,video_complete,1,80,0.0,economics_home
e0638,u021,c059,2026-03-20,s0055,2026-03-20 10:41:00,impression,0,92,1.0,economics_home
e0653,u164,c025,2026-03-20,s0326,2026-03-20 17:45:00,impression,0,47,0.0,economics_home
e0655,u031,c012,2026-03-20,s0061,2026-03-20 16:25:00,open,0,81,0.0,dashboard
e0664,u030,c036,2026-03-20,s0394,2026-03-20 09:11:00,video_start,1,83,1.0,dashboard
e0678,u011,c056,2026-03-20,s0271,2026-03-20 16:16:00,video_start,1,20,0.0,trending
e0703,u078,c025,2026-03-20,s0033,2026-03-20 22:23:00,open,1,91,1.0,newsletter
e0705,u079,c031,2026-03-20,s0171,2026-03-20 16:04:00,video_start,1,36,0.0,economics_home
e0722,u053,c027,2026-03-20,s0191,2026-03-20 05:40:00,video_start,0,100,1.0,dashboard
e0731,u142,c022,2026-03-20,s0381,2026-03-20 15:08:00,video_start,1,92,0.0,trending
e0751,u148,c034,2026-03-20,s0154,2026-03-20 20:17:00,impression,0,51,0.0,trending
e0811,u059,c048,2026-03-20,s0159,2026-03-20 09:12:00,open,0,103,1.0,economics_home
e0817,u012,c005,2026-03-20,s0132,2026-03-20 16:33:00,video_start,0,74,0.0,dashboard
e0932,u144,c060,2026-03-20,s0361,2026-03-20 14:10:00,impression,1,72,0.0,dashboard
e0939,u157,c001,2026-03-20,s0286,2026-03-20 08:58:00,video_start,1,126,1.0,dashboard
e0625,u152,c014,2026-03-21,s0002,2026-03-21 00:29:00,video_start,1,51,1.0,dashboard
e0628,u028,c032,2026-03-21,s0219,2026-03-21 19:03:00,open,1,74,0.0,trending
e0676,u037,c018,2026-03-21,s0301,2026-03-21 22:43:00,video_complete,1,69,1.0,economics_home
e0682,u146,c032,2026-03-21,s0180,2026-03-21 04:25:00,video_start,0,80,0.0,economics_home
e0757,u076,c017,2026-03-21,s0237,2026-03-21 19:59:00,impression,0,45,1.0,dashboard
e0760,u072,c018,2026-03-21,s0126,2026-03-21 07:32:00,video_complete,1,58,0.0,trending
e0778,u180,c001,2026-03-21,s0352,2026-03-21 23:52:00,open,0,94,0.0,trending
e0796,u076,c002,2026-03-21,s0228,2026-03-21 16:35:00,video_complete,1,69,1.0,trending
e0821,u056,c009,2026-03-21,s0274,2026-03-21 02:18:00,impression,0,93,0.0,trending
e0836,u062,c009,2026-03-21,s0239,2026-03-21 11:11:00,open,0,84,0.0,economics_home
e0856,u167,c040,2026-03-21,s0239,2026-03-21 11:22:00,impression,0,72,0.0,economics_home
e0860,u019,c055,2026-03-21,s0190,2026-03-21 11:58:00,open,0,50,1.0,dashboard
e0906,u021,c047,2026-03-21,s0311,2026-03-21 16:25:00,video_start,0,56,1.0,newsletter
e0914,u011,c029,2026-03-21,s0301,2026-03-21 02:26:00,open,0,53,0.0,economics_home
e0916,u062,c053,2026-03-21,s0098,2026-03-21 03:42:00,video_complete,0,27,1.0,economics_home
e0602,u023,c003,2026-03-22,s0215,2026-03-22 17:55:00,impression,0,57,0.0,dashboard
e0620,u179,c040,2026-03-22,s0161,2026-03-22 13:10:00,video_complete,1,44,1.0,dashboard
e0656,u001,c015,2026-03-22,s0267,2026-03-22 06:56:00,open,1,50,1.0,newsletter
e0681,u047,c005,2026-03-22,s0203,2026-03-22 10:50:00,video_complete,1,49,0.0,trending
e0708,u024,c028,2026-03-22,s0328,2026-03-22 05:14:00,impression,1,53,1.0,newsletter
e0740,u138,c009,2026-03-22,s0220,2026-03-22 16:07:00,video_start,0,80,0.0,trending
e0745,u159,c029,2026-03-22,s0106,2026-03-22 07:38:00,video_start,1,32,1.0,trending
e0765,u066,c002,2026-03-22,s0086,2026-03-22 08:44:00,impression,0,129,1.0,trending
e0772,u033,c014,2026-03-22,s0161,2026-03-22 13:32:00,impression,0,36,0.0,dashboard
e0803,u033,c037,2026-03-22,s0113,2026-03-22 06:22:00,video_start,0,101,0.0,trending
e0809,u076,c040,2026-03-22,s0008,2026-03-22 22:28:00,video_start,1,106,0.0,trending
e0924,u170,c017,2026-03-22,s0122,2026-03-22 01:45:00,video_start,0,66,0.0,dashboard
e0595,u021,c020,2026-03-23,s0298,2026-03-23 14:18:00,impression,1,33,1.0,dashboard
e0640,u063,c055,2026-03-23,s0096,2026-03-23 21:12:00,impression,1,42,1.0,newsletter
e0654,u080,c039,2026-03-23,s0108,2026-03-23 06:49:00,impression,1,60,0.0,dashboard
e0709,u166,c049,2026-03-23,s0322,2026-03-23 08:58:00,video_complete,1,36,0.0,trending
e0769,u066,c028,2026-03-23,s0024,2026-03-23 16:58:00,impression,0,51,0.0,trending
e0785,u155,c010,2026-03-23,s0202,2026-03-23 09:39:00,open,1,81,0.0,dashboard
e0804,u080,c018,2026-03-23,s0293,2026-03-23 17:06:00,impression,0,64,1.0,economics_home
e0875,u023,c060,2026-03-23,s0016,2026-03-23 20:53:00,impression,1,94,1.0,trending
e0879,u138,c002,2026-03-23,s0325,2026-03-23 22:32:00,impression,0,70,1.0,dashboard
e0910,u007,c006,2026-03-23,s0314,2026-03-23 12:40:00,impression,1,30,1.0,economics_home
e0926,u145,c052,2026-03-23,s0128,2026-03-23 23:58:00,video_start,0,28,0.0,newsletter
e0984,u057,c050,2026-03-23,s0386,2026-03-23 10:14:00,impression,0,59,1.0,economics_home
e0585,u023,c033,2026-03-24,s0044,2026-03-24 22:01:00,video_complete,1,65,0.0,dashboard
e0645,u053,c037,2026-03-24,s0064,2026-03-24 06:39:00,video_start,0,73,0.0,trending
e0657,u039,c035,2026-03-24,s0336,2026-03-24 11:55:00,video_complete,0,63,0.0,newsletter
e0696,u026,c001,2026-03-24,s0101,2026-03-24 05:30:00,open,0,90,0.0,economics_home
e0699,u006,c007,2026-03-24,s0055,2026-03-24 20:38:00,impression,0,74,1.0,economics_home
e0729,u154,c045,2026-03-24,s0065,2026-03-24 23:59:00,impression,1,49,1.0,trending
e0733,u160,c001,2026-03-24,s0296,2026-03-24 21:56:00,open,0,82,1.0,dashboard
e0831,u162,c051,2026-03-24,s0077,2026-03-24 16:24:00,open,0,28,1.0,trending
e0853,u008,c037,2026-03-24,s0387,2026-03-24 16:29:00,video_start,1,107,0.0,economics_home
e0855,u001,c059,2026-03-24,s0161,2026-03-24 21:25:00,video_complete,1,76,1.0,dashboard
e0870,u055,c037,2026-03-24,s0220,2026-03-24 00:25:00,impression,1,120,1.0,newsletter
e0893,u068,c033,2026-03-24,s0321,2026-03-24 02:16:00,impression,0,63,0.0,economics_home
e0905,u163,c048,2026-03-24,s0332,2026-03-24 06:33:00,open,1,49,1.0,dashboard
e0908,u005,c006,2026-03-24,s0015,2026-03-24 15:33:00,video_complete,1,1,1.0,economics_home
e0922,u150,c037,2026-03-24,s0096,2026-03-24 14:32:00,open,1,98,0.0,dashboard
e0933,u009,c016,2026-03-24,s0071,2026-03-24 19:40:00,video_start,0,67,0.0,economics_home
e0935,u001,c054,2026-03-24,s0279,2026-03-24 09:31:00,open,1,61,0.0,dashboard
e0940,u029,c049,2026-03-24,s0096,2026-03-24 04:49:00,impression,0,36,0.0,dashboard
e0956,u017,c015,2026-03-24,s0163,2026-03-24 20:17:00,open,0,45,1.0,trending
e0958,u074,c009,2026-03-24,s0173,2026-03-24 21:05:00,impression,1,114,0.0,economics_home
e0724,u039,c038,2026-03-25,s0241,2026-03-25 21:16:00,impression,0,96,1.0,economics_home
e0739,u153,c053,2026-03-25,s0081,2026-03-25 17:49:00,impression,1,49,1.0,newsletter
e0758,u070,c058,2026-03-25,s0380,2026-03-25 13:12:00,impression,1,58,0.0,dashboard
e0776,u002,c005,2026-03-25,s0296,2026-03-25 06:56:00,open,0,22,1.0,dashboard
e0789,u007,c051,2026-03-25,s0007,2026-03-25 03:17:00,video_start,1,52,1.0,trending
e0858,u047,c056,2026-03-25,s0028,2026-03-25 17:33:00,video_start,1,53,1.0,economics_home
e0878,u025,c014,2026-03-25,s0010,2026-03-25 13:38:00,video_start,0,88,1.0,economics_home
e0894,u163,c014,2026-03-25,s0254,2026-03-25 07:06:00,impression,1,68,1.0,dashboard
e0917,u144,c016,2026-03-25,s0080,2026-03-25 21:25:00,impression,1,113,0.0,dashboard
e0919,u051,c022,2026-03-25,s0210,2026-03-25 18:00:00,video_complete,0,61,,trending
e0964,u021,c024,2026-03-25,s0088,2026-03-25 01:51:00,video_start,0,43,0.0,trending
e0603,u158,c008,2026-03-26,s0302,2026-03-26 00:19:00,open,1,61,0.0,economics_home
e0635,u074,c014,2026-03-26,s0083,2026-03-26 14:36:00,open,1,68,1.0,economics_home
e0685,u061,c060,2026-03-26,s0121,2026-03-26 15:46:00,impression,0,73,0.0,trending
e0727,u152,c035,2026-03-26,s0120,2026-03-26 02:06:00,open,0,34,1.0,economics_home
e0770,u002,c044,2026-03-26,s0154,2026-03-26 15:02:00,impression,0,46,0.0,economics_home
e0794,u163,c042,2026-03-26,s0037,2026-03-26 02:04:00,video_start,1,90,0.0,dashboard
e0920,u065,c050,2026-03-26,s0048,2026-03-26 15:32:00,video_start,0,23,0.0,trending
e0981,u042,c032,2026-03-26,s0101,2026-03-26 06:31:00,open,1,76,1.0,economics_home
e0990,u018,c022,2026-03-26,s0245,2026-03-26 07:00:00,video_start,1,98,1.0,newsletter
e1000,u150,c056,2026-03-26,s0384,2026-03-26 07:47:00,impression,1,24,0.0,economics_home
e0591,u040,c031,2026-03-27,s0009,2026-03-27 20:32:00,impression,0,40,0.0,trending
e0601,u037,c025,2026-03-27,s0302,2026-03-27 13:59:00,video_start,0,93,1.0,dashboard
e0610,u048,c043,2026-03-27,s0004,2026-03-27 12:03:00,open,0,59,0.0,newsletter
e0629,u142,c040,2026-03-27,s0208,2026-03-27 10:31:00,impression,0,89,1.0,trending
e0649,u029,c003,2026-03-27,s0365,2026-03-27 20:30:00,open,0,20,0.0,newsletter
e0725,u019,c005,2026-03-27,s0132,2026-03-27 01:56:00,impression,0,43,0.0,economics_home
e0759,u077,c050,2026-03-27,s0142,2026-03-27 13:30:00,video_start,1,56,,dashboard
e0764,u154,c045,2026-03-27,s0317,2026-03-27 15:52:00,open,0,74,1.0,trending
e0775,u039,c019,2026-03-27,s0302,2026-03-27 10:46:00,video_start,1,19,1.0,dashboard
e0782,u158,c059,2026-03-27,s0289,2026-03-27 18:41:00,video_start,0,122,0.0,dashboard
e0810,u025,c003,2026-03-27,s0072,2026-03-27 21:09:00,impression,0,57,1.0,economics_home
e0828,u062,c027,2026-03-27,s0391,2026-03-27 16:03:00,video_complete,1,56,1.0,newsletter
e0852,u145,c025,2026-03-27,s0155,2026-03-27 00:54:00,video_complete,0,56,1.0,economics_home
e0866,u164,c027,2026-03-27,s0162,2026-03-27 14:20:00,open,1,85,1.0,economics_home
e0934,u169,c054,2026-03-27,s0314,2026-03-27 22:35:00,video_start,0,7,0.0,economics_home
e0616,u140,c035,2026-03-28,s0290,2026-03-28 21:21:00,open,1,33,1.0,trending
e0713,u036,c053,2026-03-28,s0071,2026-03-28 20:06:00,video_complete,1,29,1.0,economics_home
e0746,u051,c010,2026-03-28,s0364,2026-03-28 22:22:00,impression,1,94,1.0,trending
e0756,u140,c055,2026-03-28,s0386,2026-03-28 06:18:00,open,1,74,0.0,economics_home
e0790,u028,c007,2026-03-28,s0026,2026-03-28 23:11:00,open,1,62,0.0,economics_home
e0797,u146,c026,2026-03-28,s0340,2026-03-28 08:10:00,video_start,1,40,0.0,dashboard
e0806,u001,c017,2026-03-28,s0070,2026-03-28 17:24:00,open,0,11,0.0,trending
e0835,u154,c017,2026-03-28,s0294,2026-03-28 21:44:00,open,0,28,1.0,economics_home
e0868,u174,c046,2026-03-28,s0260,2026-03-28 16:07:00,video_start,0,34,0.0,economics_home
e0887,u024,c054,2026-03-28,s0138,2026-03-28 12:23:00,impression,1,60,0.0,trending
e0927,u047,c008,2026-03-28,s0349,2026-03-28 20:53:00,video_start,1,95,0.0,economics_home
e0943,u039,c052,2026-03-28,s0032,2026-03-28 22:17:00,impression,1,35,0.0,dashboard
e0972,u070,c009,2026-03-28,s0299,2026-03-28 09:50:00,open,0,90,1.0,economics_home
e0998,u148,c007,2026-03-28,s0324,2026-03-28 14:45:00,impression,1,48,0.0,dashboard
e0590,u164,c049,2026-03-29,s0090,2026-03-29 15:13:00,impression,0,31,0.0,newsletter
e0607,u163,c040,2026-03-29,s0315,2026-03-29 00:45:00,video_start,0,36,1.0,economics_home
e0626,u039,c013,2026-03-29,s0312,2026-03-29 06:23:00,video_start,0,43,1.0,economics_home
e0693,u004,c001,2026-03-29,s0229,2026-03-29 09:26:00,video_complete,0,72,0.0,trending
e0701,u008,c008,2026-03-29,s0095,2026-03-29 10:08:00,impression,0,85,1.0,dashboard
e0736,u159,c049,2026-03-29,s0085,2026-03-29 11:27:00,video_start,0,53,0.0,economics_home
e0750,u142,c037,2026-03-29,s0330,2026-03-29 03:53:00,video_start,1,81,0.0,trending
e0820,u047,c035,2026-03-29,s0239,2026-03-29 06:30:00,impression,0,86,0.0,newsletter
e0928,u078,c015,2026-03-29,s0071,2026-03-29 07:47:00,open,0,56,1.0,dashboard
e0951,u055,c009,2026-03-29,s0107,2026-03-29 03:08:00,video_complete,0,78,0.0,newsletter
e0978,u148,c011,2026-03-29,s0177,2026-03-29 20:20:00,impression,0,78,0.0,economics_home
e0980,u159,c038,2026-03-29,s0188,2026-03-29 04:33:00,video_complete,0,56,0.0,economics_home
e0593,u003,c027,2026-03-30,s0237,2026-03-30 03:36:00,impression,1,68,1.0,trending
e0596,u150,c056,2026-03-30,s0193,2026-03-30 05:36:00,open,1,56,1.0,trending
e0639,u029,c028,2026-03-30,s0352,2026-03-30 01:45:00,impression,0,62,0.0,economics_home
e0673,u049,c041,2026-03-30,s0223,2026-03-30 18:19:00,impression,1,24,0.0,dashboard
e0684,u158,c026,2026-03-30,s0320,2026-03-30 20:44:00,open,0,56,1.0,dashboard
e0692,u153,c008,2026-03-30,s0063,2026-03-30 07:35:00,open,1,111,,trending
e0737,u040,c059,2026-03-30,s0158,2026-03-30 02:45:00,video_complete,0,92,1.0,dashboard
e0780,u006,c041,2026-03-30,s0351,2026-03-30 04:12:00,video_start,1,56,0.0,trending
e0827,u158,c013,2026-03-30,s0071,2026-03-30 01:00:00,impression,0,30,0.0,trending
e0844,u026,c030,2026-03-30,s0383,2026-03-30 05:06:00,impression,1,45,,newsletter
e0863,u058,c008,2026-03-30,s0336,2026-03-30 21:18:00,impression,0,56,0.0,newsletter
e0883,u155,c049,2026-03-30,s0020,2026-03-30 01:11:00,open,1,68,1.0,economics_home
e0886,u139,c002,2026-03-30,s0069,2026-03-30 23:24:00,open,1,105,0.0,dashboard
e0947,u166,c013,2026-03-30,s0282,2026-03-30 03:41:00,impression,1,83,0.0,economics_home
e0971,u047,c051,2026-03-30,s0267,2026-03-30 16:00:00,open,0,70,1.0,newsletter
e0582,u050,c029,2026-03-31,s0397,2026-03-31 02:41:00,impression,1,37,1.0,dashboard
e0611,u040,c014,2026-03-31,s0292,2026-03-31 18:01:00,open,0,37,1.0,dashboard
e0643,u075,c050,2026-03-31,s0197,2026-03-31 12:36:00,video_start,1,52,0.0,trending
e0784,u015,c028,2026-03-31,s0383,2026-03-31 03:34:00,video_complete,0,41,0.0,newsletter
e0873,u162,c007,2026-03-31,s0114,2026-03-31 23:16:00,video_complete,1,70,1.0,dashboard
e0903,u063,c047,2026-03-31,s0107,2026-03-31 08:18:00,video_start,1,92,,economics_home
e0936,u056,c056,2026-03-31,s0138,2026-03-31 15:50:00,video_complete,1,73,1.0,economics_home
e0942,u176,c059,2026-03-31,s0163,2026-03-31 14:11:00,impression,0,70,1.0,economics_home
e0946,u139,c028,2026-03-31,s0178,2026-03-31 12:52:00,video_complete,0,28,1.0,trending
e0975,u019,c004,2026-03-31,s0030,2026-03-31 22:39:00,video_complete,1,23,0.0,newsletter
